title,genres,actors,directors,synopsis,rating
Sonic the Hedgehog 3,"Action, Science Fiction, Comedy, Family","Jim Carrey, Ben Schwartz, Keanu Reeves",Jeff Fowler,"Sonic, Knuckles, and Tails reunite against a powerful new adversary, Shadow, a mysterious villain with powers unlike anything they have faced before. With their abilities outmatched in every way, Team Sonic must seek out an unlikely alliance in hopes of stopping Shadow and protecting the planet.",7.593
Mufasa: The Lion King,"Adventure, Family, Animation","Aaron Pierre, Kelvin Harrison Jr., Tiffany Boone",Barry Jenkins,"Mufasa, a cub lost and alone, meets a sympathetic lion named Taka, the heir to a royal bloodline. The chance meeting sets in motion an expansive journey of a group of misfits searching for their destiny.",7.4
Gladiator II,"Action, Adventure, Drama","Paul Mescal, Denzel Washington, Pedro Pascal",Ridley Scott,"Years after witnessing the death of the revered hero Maximus at the hands of his uncle, Lucius is forced to enter the Colosseum after his home is conquered by the tyrannical Emperors who now lead Rome with an iron fist. With rage in his heart and the future of the Empire at stake, Lucius must look to his past to find strength and honor to return the glory of Rome to its people.",6.756
Venom: The Last Dance,"Action, Science Fiction, Adventure","Tom Hardy, Chiwetel Ejiofor, Juno Temple",Kelly Marcel,"Eddie and Venom are on the run. Hunted by both of their worlds and with the net closing in, the duo are forced into a devastating decision that will bring the curtains down on Venom and Eddie's last dance.",6.8
Moana 2,"Animation, Adventure, Family, Comedy","Auliʻi Cravalho, Dwayne Johnson, Hualālai Chung","David G. Derrick Jr., Jason Hand, Dana Ledoux Miller","After receiving an unexpected call from her wayfinding ancestors, Moana journeys alongside Maui and a new crew to the far seas of Oceania and into dangerous, long-lost waters for an adventure unlike anything she's ever faced.",7.0
Number 24,"War, History, Drama","Sjur Vatne Brean, Erik Hivju, Lisa Loven Kongsli",John Andreas Andersen,"On the brink of the Second World War, a young Norwegian man's drive to resist the Nazis sets a new course for his future – and the future of his country.",7.424
Wicked,"Drama, Romance, Fantasy","Cynthia Erivo, Ariana Grande, Jeff Goldblum",Jon M. Chu,"In the land of Oz, ostracized and misunderstood green-skinned Elphaba is forced to share a room with the popular aristocrat Glinda at Shiz University, and the two's unlikely friendship is tested as they begin to fulfill their respective destinies as Glinda the Good and the Wicked Witch of the West.",7.1
Kraven the Hunter,"Action, Adventure, Thriller","Aaron Taylor-Johnson, Ariana DeBose, Fred Hechinger",J.C. Chandor,"Kraven Kravinoff's complex relationship with his ruthless gangster father, Nikolai, starts him down a path of vengeance with brutal consequences, motivating him to become not only the greatest hunter in the world, but also one of its most feared.",6.195
Werewolves,"Action, Horror, Thriller","Frank Grillo, Katrina Law, Ilfenesh Hadera",Steven C. Miller,"A year after a supermoon's light activated a dormant gene, transforming humans into bloodthirsty werewolves and causing nearly a billion deaths, the nightmare resurfaces as the supermoon rises again. Two scientists attempt to stop the mutation but fail and must now struggle to reach one of their family homes.",6.511
Red One,"Action, Fantasy, Comedy","Dwayne Johnson, Chris Evans, Lucy Liu",Jake Kasdan,"After Santa Claus (codename: Red One) is kidnapped, the North Pole's Head of Security must team up with the world's most infamous tracker in a globe-trotting, action-packed mission to save Christmas.",7.076
The Lord of the Rings: The War of the Rohirrim,"Animation, Fantasy, Action, Adventure","Brian Cox, Gaia Wise, Luke Pasqualino",Kenji Kamiyama,"A sudden attack by Wulf, a clever and traitorous lord of Rohan seeking vengeance for the death of his father, forces Helm Hammerhand, the King of Rohan, and his people to make a daring last stand in the ancient stronghold of the Hornburg.",6.5
Your Fault,"Romance, Drama","Nicole Wallace, Gabriel Guevara, Marta Hazas",Domingo González,The love between Noah and Nick seems unwavering despite their parents' attempts to separate them. But his job and her entry into college open up their lives to new relationships that will shake the foundations of both their relationship and the Leister family itself.,7.15
Solo Leveling -ReAwakening-,"Action, Adventure, Fantasy, Animation","Taito Ban, Genta Nakamura, Haruna Mikawa",Shunsuke Nakashige,"Over a decade after 'gates' connecting worlds appeared, awakening 'hunters' with superpowers, weakest hunter Sung Jinwoo encounters a double dungeon and accepts a mysterious quest, becoming the only one able to level up, changing his fate. A catch-up recap of the first season coupled with an exclusive sneak peek of the first two episodes of the highly  ...[Truncated]
Elevation,"Action, Science Fiction, Thriller","Anthony Mackie, Morena Baccarin, Maddie Hasson",George Nolfi,A single father and two women venture from the safety of their homes to face monstrous creatures to save the life of a young boy.,6.261
Dirty Angels,"Action, Drama, Thriller","Eva Green, Maria Bakalova, Ruby Rose",Martin Campbell,"During the United States' 2021 withdrawal from Afghanistan, a group of female soldiers posing as medical relief are sent back in to rescue a group of kidnapped teenagers caught between ISIS and the Taliban.",6.4
Eye for an Eye 2,"Action, Drama","Xie Miao, Yang Enyou, Huang Tao",Yang Bingjia,"The blind swordsman, skilled in martial arts, named Cheng Xiazi (Xie Miao), accidentally saves Zhang Xiaoyu (Yang Enyou), who has suffered from the destruction of his family. Under the persuasion of the orphan Xiaoyu, Cheng reluctantly keeps him by his side and teaches him skills. Xiaoyu also waits for the opportunity to seek revenge.",7.0
The Substance,"Horror, Science Fiction","Demi Moore, Margaret Qualley, Dennis Quaid",Coralie Fargeat,"A fading celebrity decides to use a black market drug, a cell-replicating substance that temporarily creates a younger, better version of herself.",7.127
Flow,"Animation, Fantasy, Adventure",,Gints Zilbalodis,"A solitary cat, displaced by a great flood, finds refuge on a boat with various species and must navigate the challenges of adapting to a transformed world together.",8.4
Carry-On,"Thriller, Action","Taron Egerton, Jason Bateman, Sofia Carson",Jaume Collet-Serra,An airport security officer races to outsmart a mysterious traveler forcing him to let a dangerous item slip onto a Christmas Eve flight.,6.928
My Fault,"Romance, Drama","Nicole Wallace, Gabriel Guevara, Marta Hazas",Domingo González,"Noah must leave her city, boyfriend, and friends to move into William Leister's mansion, the flashy and wealthy husband of her mother Rafaela. As a proud and independent 17 year old, Noah resists living in a mansion surrounded by luxury. However, it is there where she meets Nick, her new stepbrother, and the clash of their strong personalities becomes evident from the very beginning.",7.879
Deadpool & Wolverine,"Action, Comedy, Science Fiction","Ryan Reynolds, Hugh Jackman, Emma Corrin",Shawn Levy,"A listless Wade Wilson toils away in civilian life with his days as the morally flexible mercenary, Deadpool, behind him. But when his homeworld faces an existential threat, Wade must reluctantly suit-up again with an even more reluctant Wolverine.",7.6
Nosferatu,"Drama, Fantasy, Horror","Lily-Rose Depp, Nicholas Hoult, Bill Skarsgård",Robert Eggers,"A gothic tale of obsession between a haunted young woman and the terrifying vampire infatuated with her, causing untold horror in its wake.",6.72
Making Squid Game: The Challenge,Documentary,"Nicola Brown, Rikki Finlay, Tim Harcourt",,"Go behind the scenes and witness how the ""Squid Game""-inspired reality show transformed from a scripted drama to a cutthroat, nail-biting competition.",6.6
The Wild Robot,"Animation, Action, Science Fiction, Family","Lupita Nyong'o, Pedro Pascal, Kit Connor",Chris Sanders,"After a shipwreck, an intelligent robot called Roz is stranded on an uninhabited island. To survive the harsh environment, Roz bonds with the island's animals and cares for an orphaned baby goose.",8.366
Absolution,"Action, Crime, Thriller","Liam Neeson, Ron Perlman, Yolonda Ross",Hans Petter Moland,"An aging ex-boxer gangster working as muscle for a Boston crime boss receives an upsetting diagnosis.  Despite a faltering memory, he attempts to rectify the sins of his past and reconnect with his estranged children. He is determined to leave a positive legacy for his grandson, but the criminal underworld isn't done with him and won't loosen their grip willingly.",5.8
Paprika,Drama,"Debora Caprioglio, Stéphane Ferrara, Martine Brochard",Tinto Brass,"Mimma starts working in Madame Colette's brothel to help her boyfriend financially. There she is rechristened "Paprika," and falls in love with her first client, naval officer Franco. Despite this attraction, she begins her climb through the sex trade, residing in Italy's most illustrious brothels.",6.971
Heretic,"Horror, Thriller","Hugh Grant, Sophie Thatcher, Chloe East","Scott Beck, Bryan Woods","Two young missionaries are forced to prove their faith when they knock on the wrong door and are greeted by a diabolical Mr. Reed, becoming ensnared in his deadly game of cat-and-mouse.",7.2
Ferry 2,"Crime, Thriller, Action","Frank Lammers, Aiko Beemsterboer, Tobias Kersloot",Wannes Destoop,"After losing his drug empire, Ferry Bouman has found a measure of peace away from Brabant's criminal underworld — until his past catches up to him.",5.6
Despicable Me 4,"Animation, Family, Comedy, Science Fiction","Steve Carell, Kristen Wiig, Will Ferrell",Chris Renaud,"Gru and Lucy and their girls—Margo, Edith and Agnes—welcome a new member to the Gru family, Gru Jr., who is intent on tormenting his dad. Gru also faces a new nemesis in Maxime Le Mal and his femme fatale girlfriend Valentina, forcing the family to go on the run.",7.1
Saturday Night's Main Event XXXVII,Action,"Cody Rhodes, Kevin Steen, Chelsea Cardona",,"Undisputed WWE Champion Cody Rhodes will go head-to-head with Kevin Owens as Saturday Night's Main Event returns to NBC. Plus World Tag Team Champion Finn Bálor will face ""The Ring General"" Gunther for the World Heavyweight Title. The Women's World Championship will be on the line when Liv Morgan defends her title against IYO SKY.",7.0
Inside Out 2,"Animation, Adventure, Comedy, Family","Amy Poehler, Maya Hawke, Kensington Tallman",Kelsey Mann,"Teenager Riley's mind headquarters is undergoing a sudden demolition to make room for something entirely unexpected: new Emotions! Joy, Sadness, Anger, Fear and Disgust, who've long been running a successful operation by all accounts, aren't sure how to feel when Anxiety shows up. And it looks like she's not alone.",7.574
Apocalypse Z: The Beginning of the End,"Drama, Action, Horror","Francisco Ortiz, José María Yázpik, Berta Vázquez",Carles Torrens,"When a kind of rabies that transforms people into aggressive creatures spreads across the planet, Manel isolates himself at home with his cat, relying on his wits to survive; but soon they must go out in search of food, by land and by sea, dodging many dangers.",6.8
Squid Game: Fireplace,,,,"Come share a toast in the Front Man's lair — but tread carefully, for you're playing with fire.",6.0
Alien: Romulus,"Horror, Science Fiction","Cailee Spaeny, David Jonsson, Archie Renaux",Fede Álvarez,"While scavenging the deep ends of a derelict space station, a group of young space colonizers come face to face with the most terrifying life form in the universe.",7.227
Wallace & Gromit: Vengeance Most Fowl,"Animation, Comedy, Family, Adventure","Ben Whitehead, Peter Kay, Lauren Patel","Nick Park, Merlin Crossingham","Gromit's concern that Wallace is becoming too dependent on his inventions proves justified, when Wallace invents a "smart" gnome that seems to develop a mind of its own. When it emerges that a vengeful figure from the past might be masterminding things, it falls to Gromit to battle sinister forces and save his master… or Wal ...[Truncated]
Den of Thieves 2: Pantera,"Action, Crime, Thriller","Gerard Butler, O'Shea Jackson Jr., Evin Ahmad",Christian Gudegast,"Big Nick is back on the hunt in Europe and closing in on Donnie, who is embroiled in the treacherous and unpredictable world of diamond thieves and the infamous Panther mafia, as they plot a massive heist of the world's largest diamond exchange.",6.4
Anora,"Comedy, Drama, Romance","Mikey Madison, Mark Eydelshteyn, Yura Borisov",Sean Baker,"Anora, a young sex worker from Brooklyn, gets her chance at a Cinderella story when she meets and impulsively marries the son of an oligarch. When the news reaches Russia, her fairytale is threatened as the parents set out for New York to get the marriage annulled.",7.3
The Best Christmas Pageant Ever,"Comedy, Family, Drama","Judy Greer, Pete Holmes, Molly Belle Wright",Dallas Jenkins,"The Herdmans are absolutely the worst kids in the history of the world. They lie, they steal, they bully… and they've hijacked the town Christmas pageant. As the rowdy family attempts to put on a play about the birth of Jesus, they accidentally discover the true meaning of Christmas.",7.2
Conclave,"Drama, Thriller","Ralph Fiennes, Stanley Tucci, John Lithgow",Edward Berger,"When Cardinal Lawrence is tasked with leading one of the world's most secretive and ancient events, selecting a new Pope, he finds himself at the center of a conspiracy that could shake the very foundation of the Catholic Church.",7.3
A Complete Unknown,"Biography, Drama, Music","Timothée Chalamet, Edward Norton, Elle Fanning",James Mangold,"In 1961, a 19-year-old from Minnesota arrives in New York City with his guitar and revolutionary talent, destined to change the course of American music.",7.0
It Ends with Us,"Romance, Drama","Blake Lively, Justin Baldoni, Brandon Sklenar",Justin Baldoni,"When a woman's first love suddenly reenters her life, her relationship with a charming, but abusive neurosurgeon is upended, and she realizes she must learn to rely on her own strength to make an impossible choice for her future.",6.8
The Brutalist,"Drama","Adrien Brody, Felicity Jones, Guy Pearce",Brady Corbet,"Escaping post-war Europe, visionary architect László Toth arrives in America to rebuild his life, his work, and his marriage to his wife Margit after being forced apart during wartime by shifting borders and regimes. On his own in a strange new country, László settles in Pennsylvania, where the wealthy and prominent Harrison Lee Beck recognizes his talent for building. But power and legacy come at a heavy cost.",8.0
Sonic the Hedgehog 2,"Adventure, Family, Comedy, Science Fiction","Ben Schwartz, James Marsden, Tika Sumpter",Jeff Fowler,"After settling in Green Hills, Sonic is eager to prove he has what it takes to be a true hero. His test comes when Dr. Robotnik returns, this time with a new partner, Knuckles, in search for an emerald that has the power to destroy civilizations. Sonic teams up with his own sidekick, Tails, and together they embark on a globe-trotting journey to find the emerald before it falls into the wrong hands.",7.5
Babygirl,"Drama, Thriller","Nicole Kidman, Harris Dickinson, Antonio Banderas",Halina Reijn,"A high-powered CEO puts her career and family on the line when she begins a torrid affair with her much younger intern.",6.4
The Piano Lesson,"Drama","Samuel L. Jackson, John David Washington, Ray Fisher",Malcolm Washington,A battle is brewing in the Charles family. At the center stands a prized heirloom piano tearing two siblings apart. On one side, a brother plans to build the family fortune by selling it. On the other, a sister will go to extraordinary lengths to keep it and preserve the family legacy. Their uncle tries to mediate, but even he can't hold back the ghosts of the past.,6.5
Wicked Little Letters,"Comedy, Crime, Drama","Olivia Colman, Jessie Buckley, Anjana Vasan",Thea Sharrock,"Based on a true story. Fiery, letter-writing spinster Edith Swan and her sexually liberated neighbor Rose Gooding, battle censorious, hyper-religious firebrand Prudence Campbell over the matter of some scandalous correspondence. Between vitriol-fueled characters studies and hilariously expletive-filled letters flying back and forth, "Wicked Little Letters" revels in the importance of the written word and champions the cause that most letters of any kind - but especially wicked ones - should be published, sent, and read.",7.0
Emilia Pérez,"Drama, Crime, Comedy, Music","Karla Sofía Gascón, Zoe Saldaña, Selena Gomez",Jacques Audiard,"Rita, an underrated lawyer working for a large law firm more interested in getting criminals out of jail than bringing them to justice, is hired by the leader of a criminal organization.",6.8
Azrael,"Action, Horror, Thriller","Samara Weaving, Vic Carmen Sonne, Katariina Unt",E.L. Katz,"In a world where no one speaks, a devout female hunts down a young woman who has escaped her imprisonment. Recaptured by its ruthless leaders, Azrael is due to be sacrificed to pacify an ancient evil deep within the surrounding wilderness.",6.1
Strange Darling,"Horror, Thriller","Willa Fitzgerald, Kyle Gallner, Madisen Beaty",JT Mollner,"Nothing is what it seems when a twisted one-night stand spirals into a serial killer's vicious murder spree.",7.3
Deadpool,"Action, Adventure, Comedy","Ryan Reynolds, Morena Baccarin, Ed Skrein",Tim Miller,"The origin story of former Special Forces operative turned mercenary Wade Wilson, who, after being subjected to a rogue experiment that leaves him with accelerated healing powers, adopts the alter ego Deadpool. Armed with his new abilities and a dark, twisted sense of humor, Deadpool hunts down the man who nearly destroyed his life.",7.6
Woman of the Hour,"Crime, Drama, Thriller","Anna Kendrick, Daniel Zovatto, Tony Hale",Anna Kendrick,"The true story of model-turned-photographer Cheryl Bradshaw, who posed as a contestant on The Dating Game in the midst of serial killer Rodney Alcala's murder spree in 1978.",6.7
Terrifier 3,"Horror","Lauren LaVera, David Howard Thornton, Antonella Rose",Damien Leone,"Five years after surviving Art the Clown's Halloween massacre, Sienna and Jonathan are still struggling to rebuild their shattered lives. As the holiday season approaches, they try to embrace the Christmas spirit and leave the horrors of the past behind. But just when they think they're safe, Art returns, determined to turn their holiday cheer into a new nightmare. The festive season quickly unravels as Art unleashes his twisted brand of terror, proving that no holiday is safe.",6.9
Beetlejuice Beetlejuice,"Comedy, Fantasy, Horror","Michael Keaton, Winona Ryder, Catherine O'Hara",Tim Burton,"After a family tragedy, three generations of the Deetz family return home to Winter River. Still haunted by Betelgeuse, Lydia's life is turned upside down when her teenage daughter, Astrid, accidentally opens the portal to the Afterlife.",6.628
Smile 2,"Horror","Naomi Scott, Rosemarie DeWitt, Lukas Gage",Parker Finn,"About to embark on a new world tour, global pop sensation Skye Riley begins experiencing increasingly terrifying and inexplicable events. Overwhelmed by the escalating horrors and the pressures of fame, Skye is forced to face her dark past to regain control of her life before it spirals out of control.",6.8
Smile,"Horror, Mystery, Thriller","Sosie Bacon, Jessie T. Usher, Kyle Gallner",Parker Finn,"After witnessing a bizarre, traumatic incident involving a patient, Dr. Rose Cotter starts experiencing frightening occurrences that she can't explain.",6.6
Sing,"Animation, Comedy, Family, Music","Matthew McConaughey, Reese Witherspoon, Seth MacFarlane",Garth Jennings,"A koala named Buster recruits his best friend to help him drum up business for his theater by hosting a singing competition.",7.1
The Penguin,"Crime, Drama",,,,"The Penguin's beginnings in Gotham's underworld are revealed as his rise to power begins.",8.7
Twisters,"Action, Adventure, Thriller","Daisy Edgar-Jones, Glen Powell, Anthony Ramos",Lee Isaac Chung,"As storm season intensifies, the paths of former storm chaser Kate Cooper and reckless social-media superstar Tyler Owens collide when terrifying phenomena never seen before are unleashed. The pair and their competing teams find themselves squarely in the paths of multiple storm systems converging over central Oklahoma in the fight of their lives.",6.9
Trap,"Crime, Thriller","Josh Hartnett, Ariel Donoghue, Saleka Shyamalan",M. Night Shyamalan,"A father and teen daughter attend a pop concert, where they realize they're at the center of a dark and sinister event.",6.5
Borderlands,"Action, Comedy, Science Fiction","Cate Blanchett, Kevin Hart, Jack Black",Eli Roth,"Returning to her home planet, an infamous bounty hunter forms an unexpected alliance with a team of unlikely heroes. Together, they battle monsters and dangerous bandits to protect a young girl who holds the key to unimaginable power.",5.9
Blink Twice,"Mystery, Thriller","Naomi Ackie, Channing Tatum, Alia Shawkat",Zoë Kravitz,"When tech billionaire Slater King meets cocktail waitress Frida at his fundraising gala, he invites her to join him and his friends on a dream vacation on his private island. But despite the epic setting, beautiful people, ever-flowing champagne, and late-night dance parties, Frida can sense that there's something sinister hiding beneath the island's lush façade.",6.7
The Crow,"Action, Fantasy, Horror","Bill Skarsgård, FKA twigs, Danny Huston",Rupert Sanders,"Soulmates Eric and Shelly are brutally murdered when the demons of her dark past catch up with them. Given the chance to save his true love by sacrificing himself, Eric sets out to seek merciless revenge on their killers, traversing the worlds of the living and the dead to put the wrong things right.",5.5
Late Night with the Devil,"Horror","David Dastmalchian, Laura Gordon, Ian Bliss",Cameron Cairnes,"A live broadcast of a late-night talk show in 1977 goes horribly wrong, unleashing evil into the nation's living rooms.",7.3
Cuckoo,"Horror, Mystery","Hunter Schafer, Dan Stevens, Jessica Henwick",Tilman Singer,"After reluctantly moving to the German Alps with her father and his new family, Gretchen discovers that their new town hides sinister secrets, as she's plagued by strange noises and frightening visions of a woman pursuing her.",5.9
Transformers One,"Action, Adventure, Animation, Science Fiction","Chris Hemsworth, Brian Cox, Scarlett Johansson",Josh Cooley,"The untold origin story of Optimus Prime and Megatron, better known as sworn enemies, but once were friends bonded like brothers who changed the fate of Cybertron forever.",8.1
Speak No Evil,"Horror, Thriller","James McAvoy, Mackenzie Davis, Aisling Franciosi",James Watkins,"When an American family is invited to spend the weekend at the idyllic country estate of a charming British family they befriended on vacation, what begins as a dream holiday soon warps into a snarled psychological nightmare.",6.8
A Quiet Place: Day One,"Horror, Science Fiction, Thriller","Lupita Nyong'o, Joseph Quinn, Alex Wolff",Michael Sarnoski,"As New York City is invaded by alien creatures who hunt by sound, a woman named Sam fights to survive with her cat.",6.9
Bad Boys: Ride or Die,"Action, Comedy, Crime","Will Smith, Martin Lawrence, Vanessa Hudgens","Adil El Arbi, Bilall Fallah","After their late former Captain is framed, Lowrey and Burnett try to clear his name, only to end up on the run themselves.",7.6
Furiosa: A Mad Max Saga,"Action, Adventure, Science Fiction","Anya Taylor-Joy, Chris Hemsworth, Tom Burke",George Miller,"As the world fell, young Furiosa is snatched from the Green Place of Many Mothers and falls into the hands of a great Biker Horde led by the Warlord Dementus. Sweeping through the Wasteland they come across the Citadel presided over by The Immortan Joe. While the two Tyrants war for dominance, Furiosa must survive many trials as she puts together the means to find her way home.",7.6
Inside Out,"Animation, Family, Adventure, Drama, Comedy","Amy Poehler, Phyllis Smith, Richard Kind","Pete Docter, Ronnie Del Carmen","When 11-year-old Riley moves to a new city, her Emotions team up to help her through the transition. Joy, Fear, Anger, Disgust and Sadness work together, but when Joy and Sadness get lost, they must journey through unfamiliar places to get back home.",7.9
Argylle,"Action, Comedy, Thriller","Henry Cavill, Bryce Dallas Howard, Sam Rockwell",Matthew Vaughn,"When the plots of reclusive author Elly Conway's fictional espionage novels begin to mirror the covert actions of a real-life spy organization, quiet evenings at home become a thing of the past. Accompanied by her cat Alfie and Aiden, a cat-allergic spy, Elly races across the world to stay one step ahead of the killers as the line between Conway's fictional world and her real one begins to blur.",6.1
Lisa Frankenstein,"Comedy, Horror, Romance","Kathryn Newton, Cole Sprouse, Liza Soberano",Zelda Williams,"In 1989, a misunderstood teenager has a high school crush — who just happens to be a handsome corpse! After a set of playfully horrific circumstances bring him back to life, the two embark on a murderous journey to find love, happiness… and a few missing body parts along the way.",6.3
A Haunting in Venice,"Crime, Mystery, Thriller","Kenneth Branagh, Kyle Allen, Camille Cottin",Kenneth Branagh,"Celebrated sleuth Hercule Poirot, now retired and living in self-imposed exile in Venice, reluctantly attends a Halloween séance at a decaying, haunted palazzo. When one of the guests is murdered, the detective is thrust into a sinister world of shadows and secrets.",6.6
Dune: Part Two,"Science Fiction, Adventure","Timothée Chalamet, Zendaya, Rebecca Ferguson",Denis Villeneuve,"Follow the mythic journey of Paul Atreides as he unites with Chani and the Fremen while on a path of revenge against the conspirators who destroyed his family. Facing a choice between the love of his life and the fate of the known universe, Paul endeavors to prevent a terrible future only he can foresee.",8.2
Poor Things,"Comedy, Science Fiction, Romance","Emma Stone, Mark Ruffalo, Willem Dafoe",Yorgos Lanthimos,"Brought back to life by an unorthodox scientist, a young woman runs off with a lawyer on a whirlwind adventure across the continents. Free from the prejudices of her times, she grows steadfast in her purpose to stand for equality and liberation.",7.7
Oppenheimer,"Drama, History","Cillian Murphy, Emily Blunt, Matt Damon",Christopher Nolan,"The story of J. Robert Oppenheimer's role in the development of the atomic bomb during World War II.",8.2
Barbie,"Adventure, Comedy, Fantasy","Margot Robbie, Ryan Gosling, America Ferrera",Greta Gerwig,"Barbie and Ken are having the time of their lives in the colorful and seemingly perfect world of Barbie Land. However, when they get a chance to go to the real world, they soon discover the joys and perils of living among humans.",7.1
Guardians of the Galaxy Vol. 3,"Science Fiction, Adventure, Action","Chris Pratt, Zoe Saldaña, Dave Bautista",James Gunn,"Peter Quill, still reeling from the loss of Gamora, must rally his team around him to defend the universe along with protecting one of their own. A mission that, if not completed successfully, could quite possibly lead to the end of the Guardians as we know them.",7.9
Spider-Man: Across the Spider-Verse,"Animation, Action, Adventure, Science Fiction","Shameik Moore, Hailee Steinfeld, Brian Tyree Henry","Joaquim Dos Santos, Kemp Powers, Justin K. Thompson","After reuniting with Gwen Stacy, Brooklyn's full-time, friendly neighborhood Spider-Man is catapulted across the Multiverse, where he encounters the Spider Society, a team of Spider-People charged with protecting the Multiverse's very existence. But when the heroes clash on how to handle a new threat, Miles finds himself pitted against the other Spiders and must set out on his own to save those he loves most.",8.4
Fast X,"Action, Crime, Thriller","Vin Diesel, Michelle Rodriguez, Jason Statham",Louis Leterrier,"Over many missions and against impossible odds, Dom Toretto and his family have outsmarted, out-nerved and outdriven every foe in their path. Now, they confront the most lethal opponent they've ever faced: A terrifying threat emerging from the shadows of the past who's fueled by blood revenge, and who is determined to shatter this family and destroy everything—and everyone—that Dom loves, forever.",7.1
The Flash,"Action, Adventure, Science Fiction","Ezra Miller, Michael Shannon, Ron Livingston",Andy Muschietti,"When his attempt to save his family inadvertently alters the future, Barry Allen becomes trapped in a reality in which General Zod has returned and there are no Super Heroes to turn to. In order to save the world that he is in and return to the future that he knows, Barry's only hope is to race for his life. But will making the ultimate sacrifice be enough to reset the universe?",6.7
Indiana Jones and the Dial of Destiny,"Adventure, Action","Harrison Ford, Phoebe Waller-Bridge, Antonio Banderas",James Mangold,"Finding himself in a new era, approaching retirement, Indy wrestles with fitting into a world that seems to have outgrown him. But as the tentacles of an all-too-familiar evil return in the form of an old rival, Indy must don his hat and pick up his whip once more to make sure an ancient and powerful artifact doesn't fall into the wrong hands.",6.6
John Wick: Chapter 4,"Action, Thriller, Crime","Keanu Reeves, Donnie Yen, Bill Skarsgård",Chad Stahelski,"With the price on his head ever increasing, John Wick uncovers a path to defeating The High Table. But before he can earn his freedom, Wick must face off against a new enemy with powerful alliances across the globe and forces that turn old friends into foes.",7.7
Dungeons & Dragons: Honor Among Thieves,"Adventure, Fantasy, Comedy","Chris Pine, Michelle Rodriguez, Regé-Jean Page","Jonathan Goldstein, John Francis Daley","A charming thief and a band of unlikely adventurers undertake an epic heist to retrieve a lost relic, but things go dangerously awry when they run afoul of the wrong people.",7.2
Scream VI,"Horror, Mystery, Thriller","Melissa Barrera, Jenna Ortega, Jasmin Savoy Brown","Matt Bettinelli-Olpin, Tyler Gillett","Following the latest Ghostface killings, the four survivors leave Woodsboro behind and start a fresh chapter.",6.8
M3GAN,"Horror, Science Fiction, Comedy","Allison Williams, Violet McGraw, Ronny Chieng",Gerard Johnstone,"A brilliant toy company roboticist uses artificial intelligence to develop M3GAN, a life-like doll programmed to emotionally bond with her newly orphaned niece. But when the doll's programming works too well, she becomes overprotective of her new friend with terrifying results.",7.2
Avatar: The Way of Water,"Science Fiction, Adventure, Action","Sam Worthington, Zoe Saldaña, Sigourney Weaver",James Cameron,"Set more than a decade after the events of the first film, learn the story of the Sully family (Jake, Neytiri, and their kids), the trouble that follows them, the lengths they go to keep each other safe, the battles they fight to stay alive, and the tragedies they endure.",7.6
Black Panther: Wakanda Forever,"Action, Adventure, Drama","Letitia Wright, Lupita Nyong'o, Danai Gurira",Ryan Coogler,"Queen Ramonda, Shuri, M'Baku, Okoye and the Dora Milaje fight to protect their nation from intervening world powers in the wake of King T'Challa's death. As the Wakandans strive to embrace their next chapter, the heroes must band together with the help of War Dog Nakia and Everett Ross and forge a new path for the kingdom of Wakanda.",6.8
Glass Onion: A Knives Out Mystery,"Comedy, Crime, Mystery","Daniel Craig, Edward Norton, Janelle Monáe",Rian Johnson,"World-famous detective Benoit Blanc heads to Greece to peel back the layers of a mystery surrounding a tech billionaire and his eclectic crew of friends.",7.2
Hocus Pocus 2,"Comedy, Family, Fantasy","Bette Midler, Sarah Jessica Parker, Kathy Najimy",Anne Fletcher,"29 years since the Black Flame Candle was last lit, the 17th-century Sanderson sisters are resurrected, and they are looking for revenge. Now it's up to three high school students to stop the ravenous witches from wreaking a new kind of havoc on the world.",6.0
The Adam Project,"Adventure, Comedy, Science Fiction","Ryan Reynolds, Walker Scobell, Mark Ruffalo",Shawn Levy,"After accidentally crash-landing in 2022, time-traveling fighter pilot Adam Reed teams up with his 12-year-old self on a mission to save the future.",6.7
The Batman,"Action, Crime, Drama, Mystery","Robert Pattinson, Zoë Kravitz, Jeffrey Wright",Matt Reeves,"In his second year of fighting crime, Batman uncovers corruption in Gotham City that connects to his own family while facing a serial killer known as the Riddler.",7.8
Doctor Strange in the Multiverse of Madness,"Action, Adventure, Fantasy","Benedict Cumberbatch, Elizabeth Olsen, Chiwetel Ejiofor",Sam Raimi,"Doctor Strange, with the help of mystical allies both old and new, traverses the mind-bending and dangerous alternate realities of the Multiverse to confront a mysterious new adversary.",6.9
Top Gun: Maverick,"Action, Drama","Tom Cruise, Miles Teller, Jennifer Connelly",Joseph Kosinski,"After more than thirty years of service as one of the Navy's top aviators, and dodging the advancement in rank that would ground him, Pete "Maverick" Mitchell finds himself training a detachment of TOP GUN graduates for a specialized mission the likes of which no living pilot has ever seen.",8.3
Thor: Love and Thunder,"Action, Adventure, Fantasy, Comedy","Chris Hemsworth, Natalie Portman, Christian Bale",Taika Waititi,"After his retirement is interrupted by Gorr the God Butcher, a galactic killer who seeks the extinction of the gods, Thor Odinson enlists the help of King Valkyrie, Korg, and ex-girlfriend Jane Foster, who now wields Mjolnir as the Mighty Thor. Together they embark upon a harrowing cosmic adventure to uncover the mystery of the God Butcher's vengeance and stop him before it's too late.",6.2
Minions: The Rise of Gru,"Animation, Adventure, Comedy, Crime, Family","Steve Carell, Pierre Coffin, Alan Arkin","Kyle Balda, Brad Ableson, Jonathan del Val","A fanboy of a supervillain supergroup known as the Vicious 6, Gru hatches a plan to become evil enough to join them, with the backup of his followers, the Minions.",7.3
Lightyear,"Animation, Action, Adventure, Family, Science Fiction","Chris Evans, Keke Palmer, Peter Sohn",Angus MacLane,"Legendary Space Ranger Buzz Lightyear embarks on an intergalactic adventure alongside a group of ambitious recruits and his robot companion Sox.",5.9
Jurassic World Dominion,"Action, Adventure, Science Fiction, Thriller","Chris Pratt, Bryce Dallas Howard, Laura Dern",Colin Trevorrow,"Four years after Isla Nublar was destroyed, dinosaurs now live—and hunt—alongside humans all over the world. This fragile balance will reshape the future and determine, once and for all, whether human beings are to remain the apex predators.",6.7
Sonic the Hedgehog,"Adventure, Family, Comedy, Science Fiction","Ben Schwartz, James Marsden, Jim Carrey",Jeff Fowler,"Powered with incredible speed, Sonic The Hedgehog embraces his new home on Earth. That is, until Sonic sparks the attention of super-uncool evil genius Dr. Robotnik. Now it's super-villain vs. super-sonic in an all-out race across the globe to stop Robotnik from using Sonic's unique power for world domination.",7.3
Top Gun,"Action, Romance","Tom Cruise, Kelly McGillis, Val Kilmer",Tony Scott,"For Lieutenant Pete 'Maverick' Mitchell and his friend and co-pilot Nick 'Goose' Bradshaw, being accepted into an elite training school for fighter pilots is a dream come true. But a tragedy, as well as personal demons, will threaten Pete's dreams of becoming an ace pilot.",6.9
Spirited Away,"Animation, Family, Supernatural","Rumi Hiiragi, Miyu Irino, Mari Natsuki",Hayao Miyazaki,"A ten-year-old girl who, while moving to a new neighborhood, enters the world of Kami (spirits of Japanese Shinto folklore).",8.5
Everything Everywhere All at Once,"Action, Adventure, Comedy, Science Fiction","Michelle Yeoh, Stephanie Hsu, Ke Huy Quan","Daniel Kwan, Daniel Scheinert","An aging Chinese immigrant is swept up in an insane adventure, where she alone can save what's important to her by connecting with the lives she could have led in other universes.",7.8
The Menu,"Comedy, Horror, Thriller","Anya Taylor-Joy, Ralph Fiennes, Nicholas Hoult",Mark Mylod,"A young couple travels to a remote island to eat at an exclusive restaurant where the chef has prepared a lavish menu, with some shocking surprises.",7.2
Nope,"Horror, Mystery, Science Fiction","Daniel Kaluuya, Keke Palmer, Steven Yeun",Jordan Peele,"Residents in a lonely gulch of inland California bear witness to an uncanny, chilling discovery.",6.8
RRR,"Action, Drama","N. T. Rama Rao Jr., Ram Charan, Ajay Devgn",S. S. Rajamouli,"A fearless revolutionary and an officer in the British force, who once shared a deep bond, decide to join forces and chart out an inspirational path of freedom against the despotic rulers.",7.8
The Northman,"Action, Adventure, Drama, Fantasy","Alexander Skarsgård, Nicole Kidman, Claes Bang",Robert Eggers,"From visionary director Robert Eggers comes The Northman, an action-filled epic that follows a young Viking prince on his quest to avenge his father's murder.",7.0
Morbius,"Action, Fantasy, Horror","Jared Leto, Matt Smith, Adria Arjona",Daniel Espinosa,"Dangerously ill with a rare blood disorder, and determined to save others suffering his same fate, Dr. Morbius attempts a desperate gamble. What at first appears to be a radical success soon reveals itself to be a remedy potentially worse than the disease.",5.1
Turning Red,"Animation, Comedy, Drama, Family, Fantasy","Rosalie Chiang, Sandra Oh, Ava Morse",Domee Shi,"Thirteen-year-old Mei is experiencing the awkwardness of being a teenager with a twist – when she gets too excited, she transforms into a giant red panda.",7.0
The Lost City,"Action, Adventure, Comedy","Sandra Bullock, Channing Tatum, Daniel Radcliffe","Aaron Nee, Adam Nee","Reclusive author Loretta Sage writes about exotic places in her popular adventure novels that feature a handsome cover model named Alan. While on tour promoting her new book with Alan, Loretta gets kidnapped by an eccentric billionaire who hopes she can lead him to the ancient city's lost treasure that featured in her latest story. Alan, determined to prove he can be a hero in real life and not just on the pages of her books, sets off to rescue her.",6.5
Uncharted,"Action, Adventure","Tom Holland, Mark Wahlberg, Antonio Banderas",Ruben Fleischer,"A young street-smart, Nathan Drake and his wisecracking partner Victor "Sully" Sullivan embark on a dangerous pursuit of "the greatest treasure never found" while also tracking clues that may lead to Nathan's long-lost brother.",6.3
The King's Man,"Action, Adventure, Comedy","Ralph Fiennes, Gemma Arterton, Rhys Ifans",Matthew Vaughn,"As a collection of history's worst tyrants and criminal masterminds gather to plot a war to wipe out millions, one man must race against time to stop them.",6.3
Spider-Man: No Way Home,"Action, Adventure, Science Fiction","Tom Holland, Zendaya, Benedict Cumberbatch",Jon Watts,"Peter Parker is unmasked and no longer able to separate his normal life from the high-stakes of being a super-hero. When he asks for help from Doctor Strange the stakes become even more dangerous, forcing him to discover what it truly means to be Spider-Man.",8.0
Eternals,"Action, Adventure, Drama, Fantasy, Science Fiction","Gemma Chan, Richard Madden, Angelina Jolie",Chloé Zhao,"The Eternals are a team of ancient aliens who have been living on Earth in secret for thousands of years. When an unexpected tragedy forces them out of the shadows, they are forced to reunite against mankind's most ancient enemy, the Deviants.",6.9
Dune,"Science Fiction, Adventure","Timothée Chalamet, Rebecca Ferguson, Oscar Isaac",Denis Villeneuve,"Paul Atreides, a brilliant and gifted young man born into a great destiny beyond his understanding, must travel to the most dangerous planet in the universe to ensure the future of his family and his people. As malevolent forces explode into conflict over the planet's exclusive supply of the most precious resource in existence-a commodity capable of unlocking humanity's greatest potential-only those who can conquer their fear will survive.",7.8
No Time to Die,"Adventure, Action, Thriller","Daniel Craig, Léa Seydoux, Rami Malek",Cary Joji Fukunaga,"Bond has left active service and is enjoying a tranquil life in Jamaica. His peace is short-lived when his old friend Felix Leiter from the CIA turns up asking for help. The mission to rescue a kidnapped scientist turns out to be far more treacherous than expected, leading Bond onto the trail of a mysterious villain armed with dangerous new technology.",7.3
Venom: Let There Be Carnage,"Science Fiction, Action, Adventure","Tom Hardy, Woody Harrelson, Michelle Williams",Andy Serkis,"After finding a host body in investigative reporter Eddie Brock, the alien symbiote must face a new enemy, Carnage, the alter ego of serial killer Cletus Kasady.",6.8
The Matrix Resurrections,"Science Fiction, Action, Adventure","Keanu Reeves, Carrie-Anne Moss, Yahya Abdul-Mateen II",Lana Wachowski,"Plagued by strange memories, Neo's life takes an unexpected turn when he finds himself back inside the Matrix.",5.7
Free Guy,"Action, Adventure, Comedy, Science Fiction","Ryan Reynolds, Jodie Comer, Taika Waititi",Shawn Levy,"A bank teller called Guy realizes he is a background character in an open world video game called Free City that will soon go offline.",7.1
Black Widow,"Action, Adventure, Science Fiction","Scarlett Johansson, Florence Pugh, David Harbour",Cate Shortland,"Natasha Romanoff, also known as Black Widow, confronts the darker parts of her ledger when a dangerous conspiracy with ties to her past arises. Pursued by a force that will stop at nothing to bring her down, Natasha must deal with her history as a spy and the broken relationships left in her wake long before she became an Avenger.",6.8
F9: The Fast Saga,"Action, Crime, Thriller","Vin Diesel, Michelle Rodriguez, Jordana Brewster",Justin Lin,"Dominic Toretto and his crew battle the most skilled assassin and high-performance driver they've ever encountered: his forsaken brother.",6.7
Cruella,"Comedy, Crime","Emma Stone, Emma Thompson, Joel Fry",Craig Gillespie,"In 1970s London amidst the punk rock revolution, a young grifter named Estella is determined to make a name for herself with her designs. She befriends a pair of young thieves who appreciate her appetite for mischief, and together they are able to build a life for themselves on the London streets. One day, Estella's flair for fashion catches the eye of the Baroness von Hellman, a fashion legend who is devastatingly chic and terrifyingly haute.",7.4
A Quiet Place Part II,"Horror, Science Fiction, Thriller","Emily Blunt, Millicent Simmonds, Cillian Murphy",John Krasinski,"Following the events at home, the Abbott family now face the terrors of the outside world. Forced to venture into the unknown, they realize that the creatures that hunt by sound are not the only threats that lurk beyond the sand path.",7.3
Godzilla vs. Kong,"Action, Science Fiction","Alexander Skarsgård, Millie Bobby Brown, Rebecca Hall",Adam Wingard,"In a time when monsters walk the Earth, humanity's fight for its future sets Godzilla and Kong on a collision course that will see the two most powerful forces of nature on the planet collide in a spectacular battle for the ages.",6.8
Zack Snyder's Justice League,"Action, Adventure, Fantasy, Science Fiction","Henry Cavill, Ben Affleck, Gal Gadot",Zack Snyder,"Determined to ensure Superman's ultimate sacrifice was not in vain, Bruce Wayne aligns forces with Diana Prince with plans to recruit a team of metahumans to protect the world from an approaching threat of catastrophic proportions.",8.0
Wonder Woman 1984,"Action, Adventure, Fantasy","Gal Gadot, Chris Pine, Kristen Wiig",Patty Jenkins,"A botched store robbery places Wonder Woman in a global battle against a powerful and mysterious ancient force that puts her powers in jeopardy.",5.4
Tenet,"Action, Thriller, Science Fiction","John David Washington, Robert Pattinson, Elizabeth Debicki",Christopher Nolan,"Armed with only one word - Tenet - and fighting for the survival of the entire world, the Protagonist journeys through a twilight world of international espionage on a mission that will unfold in something beyond real time.",7.3
Mulan,"Action, Adventure, Drama, Fantasy","Yifei Liu, Donnie Yen, Li Gong",Niki Caro,"When the Emperor of China issues a decree that one man per family must serve in the Imperial Chinese Army to defend the country from Huns, Hua Mulan, the eldest daughter of an honored warrior, steps in to take the place of her ailing father. She is spirited, determined and quick on her feet. Disguised as a man by the name of Hua Jun, she is tested every step of the way and must harness her innermost strength and embrace her true potential.",7.2
Birds of Prey (and the Fantabulous Emancipation of One Harley Quinn),"Action, Crime","Margot Robbie, Rosie Perez, Mary Elizabeth Winstead",Cathy Yan,"Harley Quinn joins forces with a singer, an assassin and a police detective to help a young girl who had a hit put on her after she stole a rare diamond from a crime lord.",6.9
Bad Boys for Life,"Action, Comedy, Crime","Will Smith, Martin Lawrence, Vanessa Hudgens","Adil El Arbi, Bilall Fallah","Marcus and Mike are forced to confront new threats, career changes, and midlife crises as they join the newly created elite team AMMO of the Miami police department to take down the ruthless Armando Armas, the vicious leader of a Miami drug cartel.",7.1
1917,"Drama, War","George MacKay, Dean-Charles Chapman, Mark Strong",Sam Mendes,"At the height of the First World War, two British soldiers must cross enemy territory and deliver a message that will stop a doomed attack on hundreds of soldiers.",8.2
Star Wars: The Rise of Skywalker,"Action, Adventure, Science Fiction","Carrie Fisher, Mark Hamill, Adam Driver",J.J. Abrams,"The surviving Resistance faces the First Order once again as the journey of Rey, Finn and Poe Dameron continues. With the power and knowledge of generations behind them, the final battle begins.",6.3
Joker,"Crime, Drama, Thriller","Joaquin Phoenix, Robert De Niro, Zazie Beetz",Todd Phillips,"During the 1980s, a failed stand-up comedian is driven insane and turns to a life of crime and chaos in Gotham City while becoming an infamous psychopathic crime figure.",8.2
Avengers: Endgame,"Adventure, Science Fiction, Action","Robert Downey Jr., Chris Evans, Mark Ruffalo","Anthony Russo, Joe Russo","After the devastating events of Avengers: Infinity War, the universe is in ruins due to the efforts of the Mad Titan, Thanos. With the help of remaining allies, the Avengers must assemble once more in order to undo Thanos' actions and restore order to the universe once and for all, no matter what consequences may be in store.",8.3
Captain Marvel,"Action, Adventure, Science Fiction","Brie Larson, Samuel L. Jackson, Ben Mendelsohn","Anna Boden, Ryan Fleck","The story follows Carol Danvers as she becomes one of the universe's most powerful heroes when Earth is caught in the middle of a galactic war between two alien races. Set in the 1990s, Captain Marvel is an all-new adventure from a previously unseen period in the history of the Marvel Cinematic Universe.",6.8
Shazam!,"Action, Comedy, Fantasy","Zachary Levi, Mark Strong, Asher Angel",David F. Sandberg,"A boy is given the ability to become an adult superhero in times of need with a single magic word.",7.0
Alita: Battle Angel,"Action, Science Fiction, Adventure","Rosa Salazar, Christoph Waltz, Jennifer Connelly",Robert Rodriguez,"When Alita awakens with no memory of who she is in a future world she does not recognize, she is taken in by Ido, a compassionate doctor who realizes that somewhere in this abandoned cyborg shell is the heart and soul of a young woman with an extraordinary past.",7.2
Aquaman,"Action, Adventure, Fantasy","Jason Momoa, Amber Heard, Willem Dafoe",James Wan,"Once home to the most advanced civilization on Earth, Atlantis is now an underwater kingdom ruled by the power-hungry King Orm. With a vast army at his disposal, Orm plans to conquer the remaining oceanic people and then the surface world. Standing in his way is Arthur Curry, Orm's half-human, half-Atlantean brother and true heir to the throne.",6.9
Spider-Man: Into the Spider-Verse,"Action, Adventure, Animation, Science Fiction, Comedy","Shameik Moore, Jake Johnson, Hailee Steinfeld","Bob Persichetti, Peter Ramsey, Rodney Rothman","Struggling to find his place in the world while juggling school and family, Brooklyn teenager Miles Morales is unexpectedly bitten by a radioactive spider and develops mysterious powers that transform him into the one and only Spider-Man. When he meets Peter Parker, he soon realizes that there are many others who share his special, high-flying talents. Miles must now use his newfound skills to battle the evil Kingpin, a hulking madman who can open portals to other universes and pull different versions of Spider-Man into our world.",8.4
Venom,"Science Fiction, Action","Tom Hardy, Michelle Williams, Riz Ahmed",Ruben Fleischer,"Investigative journalist Eddie Brock attempts a comeback following a scandal, but accidentally becomes the host of Venom, a violent, super powerful alien symbiote. Soon, he must rely on his newfound powers to protect the world from a shadowy organization looking for a symbiote of their own.",6.8
Fantastic Beasts: The Crimes of Grindelwald,"Adventure, Family, Fantasy","Eddie Redmayne, Katherine Waterston, Dan Fogler",David Yates,"Gellert Grindelwald has escaped imprisonment and has begun gathering followers to his cause—elevating wizards above all non-magical beings. The only one capable of putting a stop to him is the wizard he once called his closest friend, Albus Dumbledore. However, Dumbledore will need to seek help from the wizard who had thwarted Grindelwald once before, his former student Newt Scamander, who agrees to help, unaware of the dangers that lie ahead. Lines are drawn as love and loyalty are tested, even among the truest friends and family, in an increasingly divided wizarding world.",6.9
The Nun,"Horror, Mystery, Thriller","Taissa Farmiga, Demián Bichir, Jonas Bloquet",Corin Hardy,"A priest with a haunted past and a novice on the threshold of her final vows are sent by the Vatican to investigate the death of a young nun in Romania and confront a malevolent force in the form of a demonic nun.",5.3
The Predator,"Action, Adventure, Horror, Science Fiction","Boyd Holbrook, Trevante Rhodes, Jacob Tremblay",Shane Black,"When a young boy accidentally triggers the universe's most lethal hunters' return to Earth, only a ragtag crew of ex-soldiers and a disgruntled scientist can prevent the end of the human race.",5.3
A Star Is Born,"Drama, Music, Romance","Bradley Cooper, Lady Gaga, Sam Elliott",Bradley Cooper,"Seasoned musician Jackson Maine discovers — and falls in love with — struggling artist Ally. She has just about given up on her dream to make it big as a singer — until Jack coaxes her into the spotlight. But even as Ally's career takes off, the personal side of their relationship is breaking down, as Jack fights an ongoing battle with his own internal demons.",7.5
Venom: Let There Be Carnage,"Science Fiction, Action, Adventure","Tom Hardy, Woody Harrelson, Michelle Williams",Andy Serkis,"After finding a host body in investigative reporter Eddie Brock, the alien symbiote must face a new enemy, Carnage, the alter ego of serial killer Cletus Kasady.",6.8
Mission: Impossible - Fallout,"Action, Adventure, Thriller","Tom Cruise, Henry Cavill, Ving Rhames",Christopher McQuarrie,"When an IMF mission ends badly, the world is faced with dire consequences. As Ethan Hunt takes it upon himself to fulfill his original briefing, the CIA begin to question his loyalty and his motives. The IMF team find themselves in a race against time, hunted by assassins while trying to prevent a global catastrophe.",7.4
Ant-Man and the Wasp,"Action, Adventure, Science Fiction","Paul Rudd, Evangeline Lilly, Michael Peña",Peyton Reed,"Just when his time under house arrest is about to end, Scott Lang once again puts his freedom at risk to help Hope van Dyne and Dr. Hank Pym dive into the quantum realm and try to accomplish, against time and any chance of success, a very dangerous rescue mission.",7.0
Incredibles 2,"Animation, Action, Adventure, Family","Craig T. Nelson, Holly Hunter, Sarah Vowell",Brad Bird,"Elastigirl springs into action to save the day, while Mr. Incredible faces his greatest challenge yet – taking care of the problems of his three children.",7.5
Jurassic World: Fallen Kingdom,"Action, Adventure, Science Fiction","Chris Pratt, Bryce Dallas Howard, Rafe Spall",J. A. Bayona,"Three years after the demise of Jurassic World, a volcanic eruption threatens the remaining dinosaurs on the isle of Isla Nublar. Owen and Claire mount a campaign to rescue the remaining dinosaurs from this extinction-level event.",6.5
Solo: A Star Wars Story,"Action, Adventure, Science Fiction","Alden Ehrenreich, Woody Harrelson, Emilia Clarke",Ron Howard,"Through a series of daring escapades deep within a dark and dangerous criminal underworld, Han Solo meets his mighty future copilot Chewbacca and encounters the notorious gambler Lando Calrissian.",6.4
Deadpool 2,"Action, Comedy, Adventure","Ryan Reynolds, Josh Brolin, Morena Baccarin",David Leitch,"Wisecracking mercenary Deadpool battles the evil and powerful Cable and other bad guys to save a boy's life.",7.7
Avengers: Infinity War,"Adventure, Action, Science Fiction","Robert Downey Jr., Chris Hemsworth, Mark Ruffalo","Anthony Russo, Joe Russo","As the Avengers and their allies have continued to protect the world from threats too large for any one hero to handle, a new danger has emerged from the cosmic shadows: Thanos. A despot of intergalactic infamy, his goal is to collect all six Infinity Stones, artifacts of unimaginable power, and use them to inflict his twisted will on all of reality. Everything the Avengers have fought for has led up to this moment - the fate of Earth and existence itself has never been more uncertain.",8.3
Ready Player One,"Adventure, Science Fiction, Action","Tye Sheridan, Olivia Cooke, Ben Mendelsohn",Steven Spielberg,"When the creator of a popular video game system dies, a virtual contest is created to compete for his fortune.",7.4
Black Panther,"Action, Adventure, Science Fiction","Chadwick Boseman, Michael B. Jordan, Lupita Nyong'o",Ryan Coogler,"King T'Challa returns home to the reclusive, technologically advanced African nation of Wakanda to serve as his country's new leader. However, T'Challa soon finds that he is challenged for the throne by factions within his own country as well as without. Using powers reserved to Wakandan kings, T'Challa assumes the Black Panther mantle to join with ex-girlfriend Nakia, the queen-mother, his princess-kid-sister, members of the Dora Milaje (the Wakandan 'special forces') and an American secret agent, to prevent Wakanda from being dragged into a world war.",7.3
Star Wars: The Last Jedi,"Adventure, Science Fiction, Action","Mark Hamill, Carrie Fisher, Adam Driver",Rian Johnson,"Rey develops her newly discovered abilities with the guidance of Luke Skywalker, who is unsettled by the strength of her powers. Meanwhile, the Resistance prepares to do battle with the First Order.",6.9
Justice League,"Action, Adventure, Fantasy","Ben Affleck, Henry Cavill, Amy Adams",Zack Snyder,"Fueled by his restored faith in humanity and inspired by Superman's selfless act, Bruce Wayne and Diana Prince assemble a team of metahumans consisting of Barry Allen, Arthur Curry and Victor Stone to face the catastrophic threat of Steppenwolf and the Parademons who are on the hunt for three Mother Boxes on Earth.",6.1
Thor: Ragnarok,"Action, Adventure, Comedy","Chris Hemsworth, Tom Hiddleston, Cate Blanchett",Taika Waititi,"Thor is imprisoned on the other side of the universe and finds himself in a race against time to get back to Asgard to stop Ragnarok, the destruction of his home-world and the end of Asgardian civilization, at the hands of an all-powerful new threat, the ruthless Hela.",7.9
Blade Runner 2049,"Science Fiction, Drama","Ryan Gosling, Harrison Ford, Ana de Armas",Denis Villeneuve,"Thirty years after the events of the first film, a new blade runner, LAPD Officer K, unearths a long-buried secret that has the potential to plunge what's left of society into chaos. K's discovery leads him on a quest to find Rick Deckard, a former LAPD blade runner who has been missing for 30 years.",7.9
It,"Horror","Bill Skarsgård, Jaeden Martell, Finn Wolfhard",Andy Muschietti,"In a small town in Maine, seven children known as The Losers Club come face to face with life problems, bullies and a monster that takes the shape of a clown called Pennywise.",7.3
Wonder Woman,"Action, Adventure, Fantasy","Gal Gadot, Chris Pine, Robin Wright",Patty Jenkins,"An Amazon princess comes to the world of Man in the grips of the First World War to confront the forces of evil and bring an end to human conflict.",7.4
Spider-Man: Homecoming,"Action, Adventure, Science Fiction","Tom Holland, Michael Keaton, Robert Downey Jr.",Jon Watts,"Following the events of Captain America: Civil War, Peter Parker, with the help of his mentor Tony Stark, tries to balance his life as an ordinary high school student in Queens, New York City, with fighting crime as his superhero alter ego Spider-Man as a new threat, the Vulture, emerges.",7.4
Guardians of the Galaxy Vol. 2,"Science Fiction, Action, Adventure","Chris Pratt, Zoe Saldaña, Dave Bautista",James Gunn,"The Guardians must fight to keep their newfound family together as they unravel the mysteries of Peter Quill's true parentage.",7.6
The Fate of the Furious,"Action, Crime, Thriller","Vin Diesel, Jason Statham, Dwayne Johnson",F. Gary Gray,"When a mysterious woman seduces Dom into the world of crime and a betrayal of those closest to him, the crew face trials that will test them as never before.",6.9
Logan,"Action, Drama, Science Fiction","Hugh Jackman, Patrick Stewart, Dafne Keen",James Mangold,"In the near future, a weary Logan cares for an ailing Professor X in a hideout on the Mexican border. But Logan's attempts to hide from the world and his legacy are upended when a young mutant arrives, pursued by dark forces.",8.1
Kong: Skull Island,"Action, Adventure, Fantasy","Tom Hiddleston, Samuel L. Jackson, Brie Larson",Jordan Vogt-Roberts,"Explore the mysterious and dangerous home of the king of the apes as a team of explorers ventures deep inside the treacherous, primordial island.",6.7
Beauty and the Beast,"Family, Fantasy, Romance","Emma Watson, Dan Stevens, Luke Evans",Bill Condon,"A live-action adaptation of Disney's version of the classic tale of a cursed prince and a beautiful young woman who helps him break the spell.",7.0
Get Out,"Horror, Mystery, Thriller","Daniel Kaluuya, Allison Williams, Marlon Wayans",Jordan Peele,"Chris and his girlfriend Rose go upstate to visit her parents for the weekend. At first, Chris reads the family's overly accommodating behavior as nervous attempts to deal with their daughter's interracial relationship, but as the weekend progresses, a series of increasingly disturbing discoveries lead him to a truth that he never could have imagined.",7.8
La La Land,"Comedy, Drama, Romance","Ryan Gosling, Emma Stone, Rosemarie DeWitt",Damien Chazelle,"Mia, an aspiring actress, serves lattes to movie stars in between auditions and Sebastian, a jazz musician, scrapes by playing cocktail party gigs in dingy bars, but as success mounts they are faced with decisions that begin to fray the fragile fabric of their love affair, and the dreams they worked so hard to maintain in each other threaten to rip them apart.",7.9
Rogue One: A Star Wars Story,"Action, Adventure, Science Fiction","Felicity Jones, Diego Luna, Alan Tudyk",Gareth Edwards,"A rogue band of resistance fighters unite for a mission to steal the Death Star plans and bring new hope to the galaxy.",7.8
Doctor Strange,"Action, Adventure, Fantasy, Science Fiction","Benedict Cumberbatch, Chiwetel Ejiofor, Rachel McAdams",Scott Derrickson,"After his career is destroyed, a brilliant but arrogant surgeon gets a new lease on life when a sorcerer takes him under her wing and trains him to defend the world against evil.",7.5
Suicide Squad,"Action, Adventure, Fantasy","Will Smith, Jared Leto, Margot Robbie",David Ayer,"From DC Comics comes the Suicide Squad, an antihero team of incarcerated supervillains who act as deniable assets for the United States government, undertaking high-risk black ops missions in exchange for commuted prison sentences.",5.9