title,genres,actors,directors,synopsis,rating
Sonic the Hedgehog 3,"Action, Science Fiction, Comedy, Family","Jim Carrey, Ben Schwartz, Keanu Reeves",Jeff Fowler,"Sonic, Knuckles, and Tails reunite against a powerful new adversary, Shadow, a mysterious villain with powers unlike anything they have faced before. With their abilities outmatched in every way, Team Sonic must seek out an unlikely alliance in hopes of stopping Shadow and protecting the planet.",7.593
Mufasa: The Lion King,"Adventure, Family, Animation","Aaron Pierre, Kelvin Harrison Jr., Tiffany Boone",Barry Jenkins,"Mufasa, a cub lost and alone, meets a sympathetic lion named Taka, the heir to a royal bloodline. The chance meeting sets in motion an expansive journey of a group of misfits searching for their destiny.",7.4
Gladiator II,"Action, Adventure, Drama","Paul Mescal, Denzel Washington, Pedro Pascal",Ridley Scott,"Years after witnessing the death of the revered hero Maximus at the hands of his uncle, Lucius is forced to enter the Colosseum after his home is conquered by the tyrannical Emperors who now lead Rome with an iron fist. With rage in his heart and the future of the Empire at stake, Lucius must look to his past to find strength and honor to return the glory of Rome to its people.",6.756
Venom: The Last Dance,"Action, Science Fiction, Adventure","Tom Hardy, Chiwetel Ejiofor, Juno Temple",Kelly Marcel,"Eddie and Venom are on the run. Hunted by both of their worlds and with the net closing in, the duo are forced into a devastating decision that will bring the curtains down on Venom and Eddie's last dance.",6.8
Moana 2,"Animation, Adventure, Family, Comedy","Auliʻi Cravalho, Dwayne Johnson, Hualālai Chung","David G. Derrick Jr., Jason Hand, Dana Ledoux Miller","After receiving an unexpected call from her wayfinding ancestors, Moana journeys alongside Maui and a new crew to the far seas of Oceania and into dangerous, long-lost waters for an adventure unlike anything she's ever faced.",7.0
Number 24,"War, History, Drama","Sjur Vatne Brean, Erik Hivju, Lisa Loven Kongsli",John Andreas Andersen,"On the brink of the Second World War, a young Norwegian man's drive to resist the Nazis sets a new course for his future – and the future of his country.",7.424
Wicked,"Drama, Romance, Fantasy","Cynthia Erivo, Ariana Grande, Jeff Goldblum",Jon M. Chu,"In the land of Oz, ostracized and misunderstood green-skinned Elphaba is forced to share a room with the popular aristocrat Glinda at Shiz University, and the two's unlikely friendship is tested as they begin to fulfill their respective destinies as Glinda the Good and the Wicked Witch of the West.",7.1
Kraven the Hunter,"Action, Adventure, Thriller","Aaron Taylor-Johnson, Ariana DeBose, Fred Hechinger",J.C. Chandor,"Kraven Kravinoff's complex relationship with his ruthless gangster father, Nikolai, starts him down a path of vengeance with brutal consequences, motivating him to become not only the greatest hunter in the world, but also one of its most feared.",6.195
Werewolves,"Action, Horror, Thriller","Frank Grillo, Katrina Law, Ilfenesh Hadera",Steven C. Miller,"A year after a supermoon’s light activated a dormant gene, transforming humans into bloodthirsty werewolves and causing nearly a billion deaths, the nightmare resurfaces as the supermoon rises again. Two scientists attempt to stop the mutation but fail and must now struggle to reach one of their family homes.",6.511
Red One,"Action, Fantasy, Comedy","Dwayne Johnson, Chris Evans, Lucy Liu",Jake Kasdan,"After Santa Claus (codename: Red One) is kidnapped, the North Pole's Head of Security must team up with the world's most infamous tracker in a globe-trotting, action-packed mission to save Christmas.",7.076
The Lord of the Rings: The War of the Rohirrim,"Animation, Fantasy, Action, Adventure","Brian Cox, Gaia Wise, Luke Pasqualino",Kenji Kamiyama,"A sudden attack by Wulf, a clever and traitorous lord of Rohan seeking vengeance for the death of his father, forces Helm Hammerhand, the King of Rohan, and his people to make a daring last stand in the ancient stronghold of the Hornburg.",6.5
Your Fault,"Romance, Drama","Nicole Wallace, Gabriel Guevara, Marta Hazas",Domingo González,The love between Noah and Nick seems unwavering despite their parents' attempts to separate them. But his job and her entry into college open up their lives to new relationships that will shake the foundations of both their relationship and the Leister family itself.,7.15
Solo Leveling -ReAwakening-,"Action, Adventure, Fantasy, Animation","Taito Ban, Genta Nakamura, Haruna Mikawa",Shunsuke Nakashige,"Over a decade after 'gates' connecting worlds appeared, awakening 'hunters' with superpowers, weakest hunter Sung Jinwoo encounters a double dungeon and accepts a mysterious quest, becoming the only one able to level up, changing his fate. A catch-up recap of the first season coupled with an exclusive sneak peek of the first two episodes of the highly anticipated second season in one momentous theatrical fan experience.",7.0
Elevation,"Action, Science Fiction, Thriller","Anthony Mackie, Morena Baccarin, Maddie Hasson",George Nolfi,A single father and two women venture from the safety of their homes to face monstrous creatures to save the life of a young boy.,6.261
Dirty Angels,"Action, Drama, Thriller","Eva Green, Maria Bakalova, Ruby Rose",Martin Campbell,"During the United States' 2021 withdrawal from Afghanistan, a group of female soldiers posing as medical relief are sent back in to rescue a group of kidnapped teenagers caught between ISIS and the Taliban.",6.4
Eye for an Eye 2,"Action, Drama","Xie Miao, Yang Enyou, Huang Tao",Yang Bingjia,"The blind swordsman, skilled in martial arts, named Cheng Xiazi (Xie Miao), accidentally saves Zhang Xiaoyu (Yang Enyou), who has suffered from the destruction of his family. Under the persuasion of the orphan Xiaoyu, Cheng reluctantly keeps him by his side and teaches him skills. Xiaoyu also waits for the opportunity to seek revenge.",7.0
The Substance,"Horror, Science Fiction","Demi Moore, Margaret Qualley, Dennis Quaid",Coralie Fargeat,"A fading celebrity decides to use a black market drug, a cell-replicating substance that temporarily creates a younger, better version of herself.",7.127
Flow,"Animation, Fantasy, Adventure",,Gints Zilbalodis,"A solitary cat, displaced by a great flood, finds refuge on a boat with various species and must navigate the challenges of adapting to a transformed world together.",8.4
Carry-On,"Thriller, Action","Taron Egerton, Jason Bateman, Sofia Carson",Jaume Collet-Serra,An airport security officer races to outsmart a mysterious traveler forcing him to let a dangerous item slip onto a Christmas Eve flight.,6.928
My Fault,"Romance, Drama","Nicole Wallace, Gabriel Guevara, Marta Hazas",Domingo González,"Noah must leave her city, boyfriend, and friends to move into William Leister's mansion, the flashy and wealthy husband of her mother Rafaela. As a proud and independent 17 year old, Noah resists living in a mansion surrounded by luxury. However, it is there where she meets Nick, her new stepbrother, and the clash of their strong personalities becomes evident from the very beginning.",7.879
Deadpool & Wolverine,"Action, Comedy, Science Fiction","Ryan Reynolds, Hugh Jackman, Emma Corrin",Shawn Levy,"A listless Wade Wilson toils away in civilian life with his days as the morally flexible mercenary, Deadpool, behind him. But when his homeworld faces an existential threat, Wade must reluctantly suit-up again with an even more reluctant Wolverine.",7.6
Nosferatu,"Drama, Fantasy, Horror","Lily-Rose Depp, Nicholas Hoult, Bill Skarsgård",Robert Eggers,"A gothic tale of obsession between a haunted young woman and the terrifying vampire infatuated with her, causing untold horror in its wake.",6.72
Making Squid Game: The Challenge,Documentary,"Nicola Brown, Rikki Finlay, Tim Harcourt",,"Go behind the scenes and witness how the ""Squid Game""-inspired reality show transformed from a scripted drama to a cutthroat, nail-biting competition.",6.6
The Wild Robot,"Animation, Action, Science Fiction, Family","Lupita Nyong'o, Pedro Pascal, Kit Connor",Chris Sanders,"After a shipwreck, an intelligent robot called Roz is stranded on an uninhabited island. To survive the harsh environment, Roz bonds with the island's animals and cares for an orphaned baby goose.",8.366
Absolution,"Action, Crime, Thriller","Liam Neeson, Ron Perlman, Yolonda Ross",Hans Petter Moland,"An aging ex-boxer gangster working as muscle for a Boston crime boss receives an upsetting diagnosis.  Despite a faltering memory, he attempts to rectify the sins of his past and reconnect with his estranged children. He is determined to leave a positive legacy for his grandson, but the criminal underworld isn’t done with him and won’t loosen their grip willingly.",5.8
Paprika,Drama,"Debora Caprioglio, Stéphane Ferrara, Martine Brochard",Tinto Brass,"Mimma starts working in Madame Colette’s brothel to help her boyfriend financially. There she is rechristened “Paprika,” and falls in love with her first client, naval officer Franco. Despite this attraction, she begins her climb through the sex trade, residing in Italy’s most illustrious brothels.",6.971
Heretic,"Horror, Thriller","Hugh Grant, Sophie Thatcher, Chloe East","Scott Beck, Bryan Woods","Two young missionaries are forced to prove their faith when they knock on the wrong door and are greeted by a diabolical Mr. Reed, becoming ensnared in his deadly game of cat-and-mouse.",7.2
Ferry 2,"Crime, Thriller, Action","Frank Lammers, Aiko Beemsterboer, Tobias Kersloot",Wannes Destoop,"After losing his drug empire, Ferry Bouman has found a measure of peace away from Brabant's criminal underworld — until his past catches up to him.",5.6
Despicable Me 4,"Animation, Family, Comedy, Science Fiction","Steve Carell, Kristen Wiig, Will Ferrell",Chris Renaud,"Gru and Lucy and their girls—Margo, Edith and Agnes—welcome a new member to the Gru family, Gru Jr., who is intent on tormenting his dad. Gru also faces a new nemesis in Maxime Le Mal and his femme fatale girlfriend Valentina, forcing the family to go on the run.",7.1
Saturday Night's Main Event XXXVII,Action,"Cody Rhodes, Kevin Steen, Chelsea Cardona",,"Undisputed WWE Champion Cody Rhodes will go head-to-head with Kevin Owens as Saturday Night's Main Event returns to NBC. Plus World Tag Team Champion Finn Bálor will face ""The Ring General"" Gunther for the World Heavyweight Title. The Women's World Championship will be on the line when Liv Morgan defends her title against IYO SKY.",7.0
Inside Out 2,"Animation, Adventure, Comedy, Family","Amy Poehler, Maya Hawke, Kensington Tallman",Kelsey Mann,"Teenager Riley's mind headquarters is undergoing a sudden demolition to make room for something entirely unexpected: new Emotions! Joy, Sadness, Anger, Fear and Disgust, who’ve long been running a successful operation by all accounts, aren’t sure how to feel when Anxiety shows up. And it looks like she’s not alone.",7.574
Apocalypse Z: The Beginning of the End,"Drama, Action, Horror","Francisco Ortiz, José María Yázpik, Berta Vázquez",Carles Torrens,"When a kind of rabies that transforms people into aggressive creatures spreads across the planet, Manel isolates himself at home with his cat, relying on his wits to survive; but soon they must go out in search of food, by land and by sea, dodging many dangers.",6.8
Squid Game: Fireplace,,,,"Come share a toast in the Front Man's lair — but tread carefully, for you’re playing with fire.",6.0
Alien: Romulus,"Horror, Science Fiction","Cailee Spaeny, David Jonsson, Archie Renaux",Fede Álvarez,"While scavenging the deep ends of a derelict space station, a group of young space colonizers come face to face with the most terrifying life form in the universe.",7.227
Wallace & Gromit: Vengeance Most Fowl,"Animation, Comedy, Family, Adventure","Ben Whitehead, Peter Kay, Lauren Patel","Nick Park, Merlin Crossingham","Gromit’s concern that Wallace is becoming too dependent on his inventions proves justified, when Wallace invents a “smart” gnome that seems to develop a mind of its own. When it emerges that a vengeful figure from the past might be masterminding things, it falls to Gromit to battle sinister forces and save his master… or Wallace may never be able to invent again!",7.713
Den of Thieves 2: Pantera,"Action, Crime, Thriller","Gerard Butler, O'Shea Jackson Jr., Evin Ahmad",Christian Gudegast,"Big Nick is back on the hunt in Europe and closing in on Donnie, who is embroiled in the treacherous and unpredictable world of diamond thieves and the infamous Panther mafia, as they plot a massive heist of the world's largest diamond exchange.",6.4
Ask Me What You Want,"Romance, Drama","Gabriela Andrada, Mario Ermito, Celia Freijeiro",Lucía Alemany,"After his father's death, Eric Zimmerman travels to Spain to oversee his company's branches. In Madrid, he falls for Judith and engage in an intense, erotic relationship full of exploration. However, Eric fears his secret may end their affair.",6.133
Anora,"Romance, Comedy, Drama","Mikey Madison, Mark Eydelshteyn, Yura Borisov",Sean Baker,"A young sex worker from Brooklyn gets her chance at a Cinderella story when she meets and impulsively marries the son of an oligarch. Once the news reaches Russia, her fairytale is threatened as his parents set out to get the marriage annulled.",7.0
The Price of Money: A Largo Winch Adventure,"Action, Adventure, Thriller","Tomer Sisley, James Franco, Clotilde Hesme",Olivier Masset-Depasse,"Largo Winch, devastated by the kidnapping of his son, realizes that if he finds those responsible for his bankruptcy, maybe he'll see his son again.",6.5
Skin. Like. Sun.,Romance,"Wim van Damme, Floor Wyns","Jennifer Lyon Bell, Murielle Scherre","Real-life young couple Wim and Floor spend an afternoon in the sunwashed rooms of a crumbling home in Belgium. In a unique twist, this artistic erotic documentary is edited in nearly real-time. In the slowness, we get the build, the sweetness, and the sexiness. Forget about fingersnapping fast editing. Slow is where it’s at.",6.4
Sex Game 6969,"Comedy, Drama, Romance","Woo Yeol, So Jeong, Lee Chae-dam",Mongta,"Three married women had always been dissatisfied sexually with their husbands, and Hyoji, who recently divorced due to her husband's erectile dysfunction. They gathered after a long time and had a drink complaining to each other, and they received a business card from an unidentified handsome man, saying, ""Don't you want to play tteok pounding game?"" The four of them head to the meeting place and meet suspicious agents who were waiting for them.",5.133
"Miraculous World, London: At the Edge of Time","Animation, Adventure, Action, Fantasy","Annouck Hautbois, Benjamin Bollen, Marie Nonnenmacher",Thomas Astruc,"To save the future from a terrible fate, Marinette becomes Chronobug and teams up with Bunnyx to defeat a mysterious opponent who travels through time. Who is this new supervillain, and why are they obsessed with exposing Marinette's secret superhero identity? Marinette's only hope is to defeat her new opponent to prevent the end of Ladybug and time itself!",7.825
Smile 2,"Horror, Mystery","Naomi Scott, Rosemarie DeWitt, Lukas Gage",Parker Finn,"About to embark on a new world tour, global pop sensation Skye Riley begins experiencing increasingly terrifying and inexplicable events. Overwhelmed by the escalating horrors and the pressures of fame, Skye is forced to face her dark past to regain control of her life before it spirals out of control.",6.6
Terrifier 3,"Horror, Thriller","Lauren LaVera, David Howard Thornton, Samantha Scaffidi",Damien Leone,"Five years after surviving Art the Clown's Halloween massacre, Sienna and Jonathan are still struggling to rebuild their shattered lives. As the holiday season approaches, they try to embrace the Christmas spirit and leave the horrors of the past behind. But just when they think they're safe, Art returns, determined to turn their holiday cheer into a new nightmare. The festive season quickly unravels as Art unleashes his twisted brand of terror, proving that no holiday is safe.",6.889
Sidelined: The QB and Me,"Comedy, Romance","Siena Agudong, Noah Beck, Drew Ray Tanner",Justin Wu,"Dallas, a burdened but headstrong dancer, is determined to get into the best dance school in the country—her late mother’s alma mater. However, that dream is suddenly derailed when the cheeky yet secretly grieving football star, Drayton, crashes into her life with a unique story of his own. Will the two of them be able to grow into their dreams together, or will their dreams be sidelined?",6.6
Rita,Drama,"Christine Bermas, Gold Aceron, VR Relosa",Jerry Lopez Sineneng,"Rita, who finds herself alone when husband Ariel works abroad. They both find solace and sexual satisfaction in other people. When Ariel comes back, they both act like nothing happened. But will this keep their marriage from falling apart?",6.667
A Real Pain,"Comedy, Drama","Jesse Eisenberg, Kieran Culkin, Will Sharpe",Jesse Eisenberg,Mismatched cousins David and Benji reunite for a tour through Poland to honor their beloved grandmother. The adventure takes a turn when the pair's old tensions resurface against the backdrop of their family history.,6.7
Interstellar,"Adventure, Drama, Science Fiction","Matthew McConaughey, Anne Hathaway, Michael Caine",Christopher Nolan,The adventures of a group of explorers who make use of a newly discovered wormhole to surpass the limitations on human space travel and conquer the vast distances involved in an interstellar voyage.,8.4
Armor,"Action, Crime, Thriller","Sylvester Stallone, Jason Patric, Josh Wiggins",Justin Routt,"Armored truck security guard James Brody is working with his son Casey transporting millions of dollars between banks when a team of thieves led by Rook orchestrate a takeover of their truck to seize the riches. Following a violent car chase, Rook soon has the armored truck surrounded and James and Casey find themselves cornered onto a decrepit bridge.",5.5
Nightbitch,"Comedy, Horror","Amy Adams, Scoot McNairy, Arleigh Snowden",Marielle Heller,"A woman, thrown into the stay-at-home routine of raising a toddler in the suburbs, slowly embraces the feral power deeply rooted in motherhood, as she becomes increasingly aware of the bizarre and undeniable signs that she may be turning into a dog.",6.3
Zak & Wowo: The Legend of Lendarys,"Animation, Adventure, Fantasy","Jérôme Niel, Manu Payet, Clara Luciani","Philippe Duchene, Jean-Baptiste Cuvelier","At the heart of an imaginary world populated by fantastical creatures and dangerous monsters, the 13 year-old Zak goes in search of his twin brother Kyle, who has disappeared mysteriously. Equipped with a magical jade stone whose superpowers he doesn't yet know how to control, he is joined by his grandmother NaïNaï and Indiana, a beautiful outlaw who can communicate with the world's fantastical creatures. But he is also flanked by Wowo, formerly a 3 meter-tall furry pachyderm, now turned into a tiny, cute and wacky furball by the magical jade stone.",7.0
Last Stop: Rocafort St.,"Horror, Mystery","Natalia Azahara, Javier Gutiérrez, Valèria Sorolla",Luis Prieto,"Laura has recently started working in the Barcelona subway. She has been assigned the old and quiet Rocafort station, but it won't be long before she discovers that this stop harbors a legend that will begin to haunt her: many people have died there in strange circumstances over the years and no one seems to be interested in knowing the truth.",5.2
IF,"Comedy, Fantasy, Family","Cailey Fleming, Ryan Reynolds, John Krasinski",John Krasinski,"After discovering she can see everyone's imaginary friends, a girl embarks on a magical adventure to reconnect forgotten imaginary friends with their kids.",7.153
Azrael,"Action, Horror, Thriller","Samara Weaving, Vic Carmen Sonne, Katariina Unt",E.L. Katz,"In a world where no one speaks, a devout female hunts down a young woman who has escaped her imprisonment. Recaptured by its ruthless leaders, Azrael is due to be sacrificed to pacify an ancient evil deep within the surrounding wilderness.",6.1
El Candidato Honesto,Comedy,"Adrián Uribe, Mariana Seoane, Teresa Ruiz",Pipe Ybarra,"A former idealistic leader turned corrupt politician is cursed by his grandmother on the eve of the presidential election, forcing him to be honest. Can he win without lies and what will be the conditions?",6.7
Ad Vitam,"Thriller, Drama, Crime, Action","Guillaume Canet, Alexis Manenti, Stéphane Caillard",Rodolphe Lauga,"When he and his pregnant wife are attacked in their home, a former elite agent becomes trapped in a deadly manhunt tied to his own painful past.",6.436
Sister Swapping,"Romance, Drama","Ga Won, White Sugar, Si Woo",Choi Jong-gyoo,"Sisters Ji-soo and Ji-yeong decided to sell their used underwear due to financial difficulties. Perverted men offer to buy them at a higher price by asking these two sisters for shots of them wearing the underwear. Other men offer to pay even higher prices by demanding sex out of greater desire. As the sisters earn more money than expected, their service becomes more and more popular.",4.5
Arcadian,"Action, Horror, Thriller, Science Fiction","Nicolas Cage, Jaeden Martell, Maxwell Jenkins",Benjamin Brewer,"In the near future, on a decimated Earth, Paul and his twin sons face terror at night when ferocious creatures awaken. When Paul is nearly killed, the boys come up with a plan for survival, using everything their father taught them to keep him alive.",6.1
Transformers One,"Animation, Science Fiction, Adventure, Family","Chris Hemsworth, Brian Tyree Henry, Scarlett Johansson",Josh Cooley,"The untold origin story of Optimus Prime and Megatron, better known as sworn enemies, but once were friends bonded like brothers who changed the fate of Cybertron forever.",8.086
xXx,"Action, Adventure, Thriller, Crime","Vin Diesel, Asia Argento, Marton Csokas",Rob Cohen,"Xander Cage is your standard adrenaline junkie with no fear and a lousy attitude. When the US Government ""recruits"" him to go on a mission, he's not exactly thrilled. His mission: to gather information on an organization that may just be planning the destruction of the world, led by the nihilistic Yorgi.",5.9
Sonic the Hedgehog 2,"Action, Adventure, Family, Comedy","Ben Schwartz, James Marsden, Tika Sumpter",Jeff Fowler,"After settling in Green Hills, Sonic is eager to prove he has what it takes to be a true hero. His test comes when Dr. Robotnik returns, this time with a new partner, Knuckles, in search for an emerald that has the power to destroy civilizations. Sonic teams up with his own sidekick, Tails, and together they embark on a globe-trotting journey to find the emerald before it falls into the wrong hands.",7.5
The Thicket,"Crime, Thriller, Western","Peter Dinklage, Juliette Lewis, Levon Hawke",Elliott Lester,"An innocent young man, Jack, goes on an epic quest to rescue his sister Lula after she has been kidnapped by the violent killer Cut Throat Bill and her gang. To save her, Jack enlists the help of a crafty bounty hunter named Reginald Jones, a grave-digging alcoholic son of an ex-slave, and a street-smart prostitute. The gang tracks Cut Throat Bill into the deadly no-man’s land known as The Big Thicket — a place where blood and chaos reign.",6.3
Bad Boys: Ride or Die,"Action, Comedy, Crime, Thriller, Adventure","Will Smith, Martin Lawrence, Vanessa Hudgens","Adil El Arbi, Bilall Fallah","After their late former Captain is framed, Lowrey and Burnett try to clear his name, only to end up on the run themselves.",7.421
Fast X,"Action, Crime, Thriller","Vin Diesel, Michelle Rodriguez, Tyrese Gibson",Louis Leterrier,"Over many missions and against impossible odds, Dom Toretto and his family have outsmarted, out-nerved and outdriven every foe in their path. Now, they confront the most lethal opponent they've ever faced: A terrifying threat emerging from the shadows of the past who's fueled by blood revenge, and who is determined to shatter this family and destroy everything—and everyone—that Dom loves, forever.",7.1
Babygirl,Drama,"Nicole Kidman, Harris Dickinson, Antonio Banderas",Halina Reijn,A high-powered CEO puts her career and family on the line when she begins a torrid affair with her much younger intern.,5.7
Santa Isn't Real,Horror,"Scarlett Sperduto, Kaya Coleman, Dana Millican",Zac Locke,"After suffering a brutal attack on Christmas Eve, Nikki struggles to convince her friends that the assailant was none other than Ol' Kris Kringle. When Santa returns to terrorize the group in their remote cabin the next Christmas, Nikki and her friends must overcome disbelief as they fight to stay alive.",7.2
The Love Scam,"Comedy, Romance","Antonio Folletto, Laura Adriani, Vincenzo Nemolato",Umberto Riccioni Carteni,"Drowning in debt, two brothers concoct a plan to scam a wealthy heiress and save their home in Naples — but unexpected love soon complicates the scheme.",6.581
Wolf Man,"Horror, Thriller","Christopher Abbott, Julia Garner, Matilda Firth",Leigh Whannell,"With his marriage fraying, Blake persuades his wife Charlotte to take a break from the city and visit his remote childhood home in rural Oregon. As they arrive at the farmhouse in the dead of night, they're attacked by an unseen animal and barricade themselves inside the home as the creature prowls the perimeter. But as the night stretches on, Blake begins to behave strangely, transforming into something unrecognizable.",7.3
Female Teacher Closing the Door,"Romance, Drama","Ayaka Yamagishi, Takeshi Yoshida, Yoshitaka Hosokawa",Hideo Jojo,A sensual suspense that tells the story of a female teacher and a young student locked in a closed room in the middle of summer.,8.5
365 Days: This Day,"Romance, Drama","Anna-Maria Sieklucka, Michele Morrone, Simone Susinna","Barbara Białowąs, Tomasz Mandes","Laura and Massimo are back and hotter than ever. But the reunited couple's new beginning is complicated by Massimo’s family ties and a mysterious man who enters Laura’s life to win her heart and trust, at any cost.",5.9
Weekend in Taipei,"Action, Adventure, Thriller","Luke Evans, Gwei Lun-Mei, Sung Kang",George Huang,"A former DEA agent and a former undercover operative revisit their romance during a fateful weekend in Taipei, unaware of the dangerous consequences of their past.",6.2
Watchmen: Chapter II,"Animation, Mystery, Science Fiction, Action","Troy Baker, Adrienne Barbeau, Michael Cerveris",Brandon Vietti,"Suspicious of the events ensnaring their former colleagues, Nite Owl and Silk Spectre are spurred out of retirement to investigate. As they grapple with personal ethics, inner demons and a society turned against them, they race the clock to uncover a deepening plot that might trigger global nuclear war.",7.4
Survive,"Science Fiction, Thriller, Adventure, Action","Andreas Pietschmann, Émilie Dequenne, Lucas Ebel",Frédéric Jardin,A couple celebrates their son’s birthday in the middle of the ocean on their boat. A violent storm hits and it brings up hungry creatures from the depths and they fight for their survival.,5.9
The Count of Monte Cristo,"Action, Adventure, Drama","Pierre Niney, Bastien Bouillon, Anaïs Demoustier","Alexandre de La Patellière, Matthieu Delaporte","Edmond Dantes becomes the target of a sinister plot and is arrested on his wedding day for a crime he did not commit. After 14 years in the island prison of Château d’If, he manages a daring escape. Now rich beyond his dreams, he assumes the identity of the Count of Monte-Cristo and exacts his revenge on the three men who betrayed him.",8.1
The Gardener,"Action, Comedy","Jean-Claude Van Damme, Michaël Youn, Nawell Madani",David Charhon,"Every year the Prime Minister has a list of all kinds of troublemakers eliminated in the name of the famous Reason of State. Serge Shuster, Special Adviser to the President of the Republic, finds himself on this list, better known as the Matignon List.  Condemned to certain death and at the heart of an implacable plot and a state secret that also put his family in danger, Serge, his wife and children have only one hope left - their gardener, Léo, who hates it when « slugs » invade his garden... Especially those that want to kill innocent families.",4.7
The Platform 2,"Science Fiction, Horror, Thriller","Milena Smit, Hovik Keuchkerian, Natalia Tena",Galder Gaztelu-Urrutia,"After a mysterious leader imposes his law in a brutal system of vertical cells, a new arrival battles against a dubious food distribution method.",5.6
Conclave,Drama,"Ralph Fiennes, Stanley Tucci, John Lithgow",Edward Berger,"After the unexpected death of the Pope, Cardinal Lawrence is tasked with managing the covert and ancient ritual of electing a new one. Sequestered in the Vatican with the Catholic Church’s most powerful leaders until the process is complete, Lawrence finds himself at the center of a conspiracy that could lead to its downfall.",7.186
Kung Fu Panda 4,"Animation, Family, Fantasy, Action","Jack Black, Awkwafina, Viola Davis",Mike Mitchell,"Po is gearing up to become the spiritual leader of his Valley of Peace, but also needs someone to take his place as Dragon Warrior. As such, he will train a new kung fu practitioner for the spot and will encounter a villain called the Chameleon who conjures villains from the past.",7.066
Tatsulok: Tatlo Magkasalo,"Drama, Romance","Mariane Saint, Marlon Marcia, Skye Gonzaga",Jojo Nadela,"Story about a happily married couple visited by an old friend, who ends up stirring the pot by becoming sexually involved with both the husband and the wife.",6.2
The Room Next Door,Drama,"Julianne Moore, Tilda Swinton, John Turturro",Pedro Almodóvar,"Ingrid and Martha were close friends in their youth, when they worked together at the same magazine. Ingrid went on to become an autofiction novelist while Martha became a war reporter, and they were separated by the circumstances of life. After years of being out of touch, they meet again in an extreme but strangely sweet situation.",7.1
Lembayung,"Horror, Thriller","Taskya Namya, Yasamin Jasem, Arya Saloka",Baim Wong,"Arum and Pica, who wanted to complete their internship at Lembayung hospital, had to face mysterious terror from a woman satan who was suspected of hanged herself in the bathroom. The situation became even more tense after they asked others for help to the point where they threatened their own lives and those closest to them.",7.75
Death Note Relight 1: Visions of a God,"TV Movie, Crime, Drama, Fantasy, Thriller, Animation","Mamoru Miyano, Shido Nakamura, Kappei Yamaguchi",Tetsuro Araki,"A recap of Death Note episodes 1–26, with new footage. When rogue shinigami Ryuk leaves his Death Note in the human world, he has no idea how far the one who finds it will take his new-found power. With the Death Note in hand, brilliant high school student Light Yagami vows to rid the world of evil.",8.1
Memoir of a Snail,"Animation, Drama, Comedy","Sarah Snook, Kodi Smit-McPhee, Jacki Weaver",Adam Elliot,"Forcibly separated from her twin brother when they are orphaned, a melancholic misfit learns how to find confidence within herself amid the clutter of misfortunes and everyday life.",7.9
Moana,"Adventure, Comedy, Family, Fantasy","Catherine Laga'Aia, Dwayne Johnson, Rena Owen",Thomas Kail,"In Ancient Polynesia, when a terrible curse incurred by Maui reaches the island of an impetuous Chieftain, his willful daughter answers the Ocean's call to seek out the demigod to set things right.",0.0
We Live in Time,"Romance, Drama","Andrew Garfield, Florence Pugh, Grace Delaney",John Crowley,"An up-and-coming chef and a recent divorcée find their lives forever changed when a chance encounter brings them together, in a decade-spanning, deeply moving romance.",7.5
Levels,"Action, Science Fiction, Thriller","Cara Gee, Peter Mooney, Aaron Abrams",Adam Stern,"After witnessing his girlfriend's murder, a man risks everything - including reality itself - to discover the truth.",5.6
Bagman,"Horror, Thriller","Sam Claflin, Antonia Thomas, Caréll Vincent Rhoden",Colm McCarthy,"For centuries and across cultures, parents have warned their children of the legendary Bagman, who snatches innocent children and stuffs them into his vile, rotting bag—never to be seen again. Patrick McKee narrowly escaped such an encounter as a boy, which left him with lasting scars throughout his adulthood. Now, Patrick’s childhood tormentor has returned, threatening the safety of his wife Karina and son Jake.",6.3
River of Blood,"Horror, Thriller","Joseph Millson, Sarah Alexandra Marks, David Wayman",Howard J. Ford,Four kayakers take the wrong river into a jungle inhabited by a tribe of merciless cannibals.,6.571
Avengers: Infinity War,"Adventure, Action, Science Fiction","Robert Downey Jr., Chris Evans, Chris Hemsworth","Anthony Russo, Joe Russo","As the Avengers and their allies have continued to protect the world from threats too large for any one hero to handle, a new danger has emerged from the cosmic shadows: Thanos. A despot of intergalactic infamy, his goal is to collect all six Infinity Stones, artifacts of unimaginable power, and use them to inflict his twisted will on all of reality. Everything the Avengers have fought for has led up to this moment - the fate of Earth and existence itself has never been more uncertain.",8.2
Den of Thieves,"Action, Crime, Thriller","Gerard Butler, Pablo Schreiber, O'Shea Jackson Jr.",Christian Gudegast,A gritty crime saga which follows the lives of an elite unit of the LA County Sheriff's Dept. and the state's most successful bank robbery crew as the outlaws plan a seemingly impossible heist on the Federal Reserve Bank.,6.8
The Crow,"Action, Fantasy, Horror","Bill Skarsgård, FKA twigs, Danny Huston",Rupert Sanders,"Soulmates Eric and Shelly are brutally murdered when the demons of her dark past catch up with them. Given the chance to save his true love by sacrificing himself, Eric sets out to seek merciless revenge on their killers, traversing the worlds of the living and the dead to put the wrong things right.",5.847
The Lion King,"Adventure, Drama, Family, Animation","Chiwetel Ejiofor, John Oliver, Donald Glover",Jon Favreau,"Simba idolizes his father, King Mufasa, and takes to heart his own royal destiny. But not everyone in the kingdom celebrates the new cub's arrival. Scar, Mufasa's brother—and former heir to the throne—has plans of his own. The battle for Pride Rock is ravaged with betrayal, tragedy and drama, ultimately resulting in Simba's exile. With help from a curious pair of newfound friends, Simba will have to figure out how to grow up and take back what is rightfully his.",7.113
Arena Wars,"Action, Science Fiction, Thriller, Comedy, Horror","Michael Madsen, Eric Roberts, Robert LaSardo",Brandon Slagle,"In 2045 convicted criminals are given the opportunity to compete on the world's #1 televised sporting event, Arena Wars. They must survive 7 rooms and 7 of the most vicious killers in the country. If they win, they regain their freedom.",5.2
Subservience,"Science Fiction, Thriller","Megan Fox, Michele Morrone, Madeline Zima",SK Dale,"With his wife out sick, a struggling father brings home a lifelike AI, only to have his self-aware new help want everything her new family has to offer... Like the affection of her owner and she'll kill to get it.",6.8
"The Chronicles of Narnia: The Lion, the Witch and the Wardrobe","Adventure, Family, Fantasy","William Moseley, Anna Popplewell, Skandar Keynes",Andrew Adamson,"Siblings Lucy, Edmund, Susan and Peter step through a magical wardrobe and find the land of Narnia. There, they discover a charming, once peaceful kingdom that has been plunged into eternal winter by the evil White Witch, Jadis. Aided by the wise and magnificent lion, Aslan, the children lead Narnia into a spectacular, climactic battle to be free of the Witch's glacial powers forever.",7.134
GTMAX,"Action, Crime, Drama","Ava Baya, Jalil Lespert, Jérémie Laheurte",Olivier Schneider,"When a notorious gang of bikers recruits her brother for a heist, a former motocross champion must face her deepest fears to keep her family safe.",6.1
No salgas,"Thriller, Horror","Sofía Romano, Alan Yair, Galo Grasset",Gonzalo Giménez,"Struck by the tragic death of his father, Milagros, a young girl who studies drama, goes on a trip with her friends and her boyfriend, Juan Pablo, in search of calm and fun. Everything goes well until a group of masked strangers shows up.",8.8
Hotel Desire,"Drama, Romance","Saralisa Volm, Clemens Schick, Jan-Gregor Kremp",Sergej Moya,"Antonia is a single mother who works as a hotel maid in Berlin. A normal hot summer day takes a dramatic turn when she crosses paths with a particular guest of the hotel, famous blind portrait painter Julius Pass.",6.0
The Moor,"Horror, Mystery, Drama","Sophia La Porta, David Edward-Robertson, Elizabeth Dormer-Phillips",Chris Cronin,Claire is approached by the father of her murdered childhood friend to help investigate the haunted moor he believes is his son's final resting place.,5.517
Pleasure,Drama,"Sofia Kappel, Zelda Morrison, Tee Reel",Ninja Thyberg,"19 year old Linnéa leaves her small town in Sweden and heads for Los Angeles with the aim of becoming the world's next big porn star, but the road to her goal turns out to be bumpier than she imagined.",6.219
Pleasure,Drama,"Sofia Kappel, Zelda Morrison, Tee Reel",Ninja Thyberg,"19 year old Linnéa leaves her small town in Sweden and heads for Los Angeles with the aim of becoming the world's next big porn star, but the road to her goal turns out to be bumpier than she imagined.",6.219
Barbie,"Comedy, Adventure","Margot Robbie, Ryan Gosling, America Ferrera",Greta Gerwig,"Barbie and Ken are having the time of their lives in the colorful and seemingly perfect world of Barbie Land. However, when they get a chance to go to the real world, they soon discover the joys and perils of living among humans.",6.993
Kingdom of the Planet of the Apes,"Science Fiction, Adventure, Action","Owen Teague, Freya Allan, Kevin Durand",Wes Ball,"Several generations following Caesar's reign, apes – now the dominant species – live harmoniously while humans have been reduced to living in the shadows. As a new tyrannical ape leader builds his empire, one young ape undertakes a harrowing journey that will cause him to question all he's known about the past and to make choices that will define a future for apes and humans alike.",7.1
Fifty Shades of Grey,"Drama, Romance, Thriller","Dakota Johnson, Jamie Dornan, Jennifer Ehle",Sam Taylor-Johnson,"When college senior Anastasia Steele steps in for her sick roommate to interview prominent businessman Christian Grey for their campus paper, little does she realize the path her life will take. Christian, as enigmatic as he is rich and powerful, finds himself strangely drawn to Ana, and she to him. Though sexually inexperienced, Ana plunges headlong into an affair -- and learns that Christian's true sexual proclivities push the boundaries of pain and pleasure.",5.9
Whisper of the Witch,"Horror, Thriller","Arthur Beschastny, Maryana Spivak, Sofya Shidlovskaya",Serik Beyseu,"Mara, an ancient pagan spirit, hunts a group of teenagers taking their body parts to be reborn. A disillusioned and desperate investigator has to face his deepest fears to save the teenagers.",6.5
The Godfather,"Drama, Crime","Marlon Brando, Al Pacino, James Caan",Francis Ford Coppola,"Spanning the years 1945 to 1955, a chronicle of the fictional Italian-American Corleone crime family. When organized crime family patriarch, Vito Corleone barely survives an attempt on his life, his youngest son, Michael steps in to take care of the would-be killers, launching a campaign of bloody revenge.",8.689
Oppenheimer,"Drama, History","Cillian Murphy, Emily Blunt, Matt Damon",Christopher Nolan,The story of J. Robert Oppenheimer's role in the development of the atomic bomb during World War II.,8.073
Outlanders,"Animation, Science Fiction, Comedy","Fumi Hirano, Mitsuo Iwata, Akira Kamiya",Katsuhisa Yamada,"In the midst of a violent invasion of Earth by unknown alien forces, photo-journalist Wakatsuki Tetsuya comes across a scantily-clad alien woman, cutting a swath of death through the Terran ranks with her sword. After a chaotic struggle, Tetsuya is knocked unconscious, only to awaken aboard her starship. To his surprise, she turns out to be Kahm, the invaders' princess - and she has picked Tetsuya for a starring role in her upcoming wedding. As the groom....",4.9
Y2K,"Comedy, Horror, Science Fiction","Jaeden Martell, Rachel Zegler, Julian Dennison",Kyle Mooney,Two high school nobodies make the decision to crash the last major celebration before the new millennium on New Year's Eve 1999. The night becomes even crazier than they could have ever dreamed when the clock strikes midnight.,5.325
Gladiator,"Action, Drama, Adventure","Russell Crowe, Joaquin Phoenix, Connie Nielsen",Ridley Scott,"After the death of Emperor Marcus Aurelius, his devious son takes power and demotes Maximus, one of Rome's most capable generals who Marcus preferred. Eventually, Maximus is forced to become a gladiator and battle to the death against other men for the amusement of paying audiences.",8.22
The Garfield Movie,"Animation, Comedy, Family, Adventure, Action","Chris Pratt, Samuel L. Jackson, Hannah Waddingham",Mark Dindal,"Garfield, the world-famous, Monday-hating, lasagna-loving indoor cat, is about to have a wild outdoor adventure! After an unexpected reunion with his long-lost father – scruffy street cat Vic – Garfield and his canine friend Odie are forced from their perfectly pampered life into joining Vic in a hilarious, high-stakes heist.",7.121
Intimacy,"Romance, Drama, Fantasy","Mark Rylance, Kerry Fox, Susannah Harker",Patrice Chéreau,"Jay, a failed musician, walked out of his family and now earns a living as head bartender in a trendy London pub. Every Wednesday afternoon a woman comes to his house for graphic, almost wordless, sex. One day Jay follows her and finds out about the rest of her life. This eventually disrupts their relationship.",6.3
Sonic the Hedgehog 4,"Science Fiction, Adventure, Comedy, Family","Ben Schwartz, Colleen O'Shaughnessey, Idris Elba",Jeff Fowler,The fourth installment in the Sonic the Hedgehog franchise. Plot TBA.,0.0
Emilia Pérez,"Drama, Thriller","Karla Sofía Gascón, Zoe Saldaña, Selena Gomez",Jacques Audiard,"Rita, an underrated lawyer working for a large law firm more interested in getting criminals out of jail than bringing them to justice, is hired by the leader of a criminal organization.",7.7
The Soul Eater,"Thriller, Horror, Crime, Mystery","Virginie Ledoyen, Paul Hamy, Sandrine Bonnaire","Alexandre Bustillo, Julien Maury","When the disappearance of children and bloody murders multiply in a small mountain village, an old legend shrouded in sulphur reappears... Commander Guardiano and Captain of the Gendarmerie De Rolan are forced to join forces to uncover the truth.",6.2
Sonic the Hedgehog,"Action, Science Fiction, Comedy, Family","Ben Schwartz, James Marsden, Tika Sumpter",Jeff Fowler,"Powered with incredible speed, Sonic The Hedgehog embraces his new home on Earth. That is, until Sonic sparks the attention of super-uncool evil genius Dr. Robotnik. Now it’s super-villain vs. super-sonic in an all-out race across the globe to stop Robotnik from using Sonic’s unique power for world domination.",7.31
Spellbound,"Animation, Fantasy, Family, Adventure, Comedy","Rachel Zegler, Miguel Bernardeau, Giovanna Bush",Vicky Jenson,"When a powerful spell turns her parents into giant monsters, a teenage princess must journey into the wild to reverse the curse before it's too late.",6.796
Top Gun: Maverick,"Action, Drama","Tom Cruise, Miles Teller, Monica Barbaro",Joseph Kosinski,"After more than thirty years of service as one of the Navy’s top aviators, and dodging the advancement in rank that would ground him, Pete “Maverick” Mitchell finds himself training a detachment of TOP GUN graduates for a specialized mission the likes of which no living pilot has ever seen.",8.192
Young Mom 2,Romance,"Kim Woo-kyung, Kim Soo-ji, Jeon Ji-hak",Jeong Jin-ho,"Won-jin is unemployed and spends most of his time pleasuring himself and dreaming after Seon-mi. One day, his father brings home a very young wife who will be Won-jin's step-mother, and he hopes she'll be the woman of his dreams.",3.5
Cash Out,"Action, Thriller","John Travolta, Kristin Davis, Lukas Haas",Randall Emmett,"Criminal mastermind Mason is about to execute the score of a lifetime when his lover and key member of his crew, Decker, takes the team down and reveals she’s an undercover Interpol agent. Heartbroken, Mason escapes and retires from the life of crime until his younger brother Shawn is out of his league taking on a big bank heist all on his own. Mason has no choice left but to come to the rescue, while Interpol brings Decker in hoping to unnerve him. Before the SWAT teams storm the bank, Mason must use every tool in his arsenal to not only escape with the prize, but also the love of his life.",6.329
Dune: Part Two,"Science Fiction, Adventure","Timothée Chalamet, Zendaya, Rebecca Ferguson",Denis Villeneuve,"Follow the mythic journey of Paul Atreides as he unites with Chani and the Fremen while on a path of revenge against the conspirators who destroyed his family. Facing a choice between the love of his life and the fate of the known universe, Paul endeavors to prevent a terrible future only he can foresee.",8.152
Godzilla x Kong: The New Empire,"Action, Adventure, Science Fiction","Rebecca Hall, Brian Tyree Henry, Dan Stevens",Adam Wingard,"Following their explosive showdown, Godzilla and Kong must reunite against a colossal undiscovered threat hidden within our world, challenging their very existence – and our own.",7.1
Private Collections,"Drama, Romance","Roland Blanche, Marie-Catherine Conti, Marpessa Dawn","Walerian Borowczyk, Shūji Terayama, Just Jaeckin","Three stories. A solitary sailor falls from his boat and washes ashore on a tropical island. While seeking rescue, he's found by a nearly naked woman who is playful and compliant. He decides to erase his signs of distress and remain on the island. What awaits?  In the second, an adolescent searches for the words of a nursery rime he remembers bits of. His journey takes him into dreams, sexual awakening, and Oedipal fantasy.  Third, a man of wealth in late-nineteenth century Paris hires a prostitute for the night. She's also cabaret performer and takes him to her room. He fears he's about to be robbed. What's her secret?",6.05
SDI: Secret Department of Intervention,Action,"Thomas Khawam, Aurore Planas, Pierre André",,"Secret agents Mike, Stan, and Chloé, tasked with retrieving a stolen briefcase, discover it holds a secret map to hidden World War II treasures. Betrayed by their own French Minister of Defense and hunted by a former Marine, Vogel, the team faces internal conflicts and danger. As alliances shift, secrets unravel, and battles ensue, they must thwart Vogel's plan to claim the treasures, setting the stage for an international treasure hunt filled with unexpected twists and unresolved romantic entanglements.",5.1
The Smile of the Fox,Thriller,"Debora Caprioglio, Steve Bond, Sharon Marino",Sergio Martino,"Mark, a hitman haunted by his past as a corrupt Miami cop and the death of his wife and son,  prepares for his next killing. Gradually he becomes fascinated by the beautiful prostitute who lives in the next apartment and they embark on a passionate affair. Their dreams of a life together are complicated by her pimp being a drugs baron; before they can escape he must die, but things are never that simple...",5.6
OVERLORD: The Sacred Kingdom,"Action, Adventure, Animation, Fantasy","Satoshi Hino, Yumi Hara, Masayuki Katou",Naoyuki Ito,"After twelve years of playing his favorite MMORPG game, Momonga logs in for the last time only to find himself transported into its world playing it indefinitely. Throughout his adventures, his avatar ascends to the title of Sorcerer King Ains Ooal Gown. Once prosperous but now on the brink of ruin, The Sacred Kingdom enjoyed years of peace after construction of an enormous wall protecting them from neighboring invasions. But, one day this comes to an end when the Demon Emperor Jaldabaoth arrives with an army of villainous demi-humans. Fearing invasion of their own lands, the neighboring territory of the Slane Theocracy is forced to beg their enemies at the Sorcerer Kingdom for help. Heeding the call, Momonga, now known as the Sorcerer King Ains Ooal Gown, rallies the Sorcerer Kingdom and its undead army to join the fight alongside the Sacred Kingdom and the Slane Theocracy in hopes to defeat the Demon Emperor.",7.719
Death Note Relight 2: L's Successors,"TV Movie, Thriller, Animation, Crime, Drama, Fantasy","Mamoru Miyano, Shido Nakamura, Aya Hirano",Tetsuro Araki,"A recap of Death Note episodes 27–37, with new footage. L's successor must ponder L's defeat if he hopes to succeed where his famed predecessor failed. At the headquarters of the SPK, he calls upon the Japanese task force to declare war on Light.",7.4
Furiosa: A Mad Max Saga,"Action, Science Fiction, Adventure","Anya Taylor-Joy, Chris Hemsworth, Tom Burke",George Miller,"As the world falls, young Furiosa is snatched from the Green Place of Many Mothers into the hands of a great biker horde led by the warlord Dementus. Sweeping through the wasteland, they encounter the citadel presided over by Immortan Joe. The two tyrants wage war for dominance, and Furiosa must survive many trials as she puts together the means to find her way home.",7.51
Venom,"Science Fiction, Action","Tom Hardy, Michelle Williams, Riz Ahmed",Ruben Fleischer,"Investigative journalist Eddie Brock attempts a comeback following a scandal, but accidentally becomes the host of Venom, a violent, super powerful alien symbiote. Soon, he must rely on his newfound powers to protect the world from a shadowy organization looking for a symbiote of their own.",6.8
Joker: Folie à Deux,"Drama, Crime, Thriller","Joaquin Phoenix, Lady Gaga, Brendan Gleeson",Todd Phillips,"While struggling with his dual identity, Arthur Fleck not only stumbles upon true love, but also finds the music that's always been inside him.",5.522
Sorairo Utility,"Animation, Comedy","Miyu Takagi, Yurina Amami, Ayasa Goto",Kengo Saito,"Three high schoolers, Minami, Ayaka, and Haruka, head out for a sunny day of relaxation at the golf course. Beginner Minami slowly gains confidence on the grass as she learns and laughs with the help and encouragement of her more experienced senpai.",4.7
The Front Room,Horror,"Brandy Norwood, Andrew Burnap, Kathryn Hunter","Max Eggers, Sam Eggers","Everything goes to hell for newly-pregnant Belinda after her mother-in-law moves in. As the diabolical guest tries to get her claws on the child, Belinda must draw the line somewhere.",5.302
Spider-Man: No Way Home,"Action, Adventure, Science Fiction","Tom Holland, Zendaya, Benedict Cumberbatch",Jon Watts,"Peter Parker is unmasked and no longer able to separate his normal life from the high-stakes of being a super-hero. When he asks for help from Doctor Strange the stakes become even more dangerous, forcing him to discover what it truly means to be Spider-Man.",8.0
Leggings Mania,"Drama, Romance","James, Im Cho-hee, Im Tae-mok",Richard Kim,"Jeong-hee was living with a man due to a de facto marriage. One day, her daughter, Dam-hoi, returned from her study abroad. Dam-hoi always wears leggings. The soon-to-be stepdad, Byeong-min, who is usually a fan of leggings, pays attention to her daughter's clothes. Jeong-hee noticed it, so she also started wearing leggings to distract her young prospective husband.",5.0
Migration,"Animation, Action, Adventure, Comedy, Family","Kumail Nanjiani, Elizabeth Banks, Caspar Jennings",Benjamin Renner,"After a migrating duck family alights on their pond with thrilling tales of far-flung places, the Mallard family embarks on a family road trip, from New England, to New York City, to tropical Jamaica.",7.423
The Beekeeper,"Crime, Action, Thriller","Jason Statham, Emmy Raver-Lampman, Josh Hutcherson",David Ayer,One man's campaign for vengeance takes on national stakes after he is revealed to be a former operative of a powerful and clandestine organization known as Beekeepers.,7.342
Fury,"War, Drama, Action","Brad Pitt, Shia LaBeouf, Logan Lerman",David Ayer,"In the last months of World War II, as the Allies make their final push in the European theatre, a battle-hardened U.S. Army sergeant named 'Wardaddy' commands a Sherman tank called 'Fury' and its five-man crew on a deadly mission behind enemy lines. Outnumbered and outgunned, Wardaddy and his men face overwhelming odds in their heroic attempts to strike at the heart of Nazi Germany.",7.538
Hijack 1971,"Action, Thriller, Crime","Ha Jung-woo, Yeo Jin-goo, Sung Dong-il",Kim Sung-han,"Pilots Tae-in and Gyu-sik are set to fly to Gimpo. Under the guidance of flight attendant Ok-soon, passengers are busy boarding. However, shortly after takeoff, a homemade bomb explodes, turning the cabin into chaos.",6.5
The Equalizer,"Thriller, Action, Crime","Denzel Washington, Marton Csokas, Chloë Grace Moretz",Antoine Fuqua,"McCall believes he has put his mysterious past behind him and dedicated himself to beginning a new, quiet life. But when he meets Teri, a young girl under the control of ultra-violent Russian gangsters, he can’t stand idly by – he has to help her. Armed with hidden skills that allow him to serve vengeance against anyone who would brutalize the helpless, McCall comes out of his self-imposed retirement and finds his desire for justice reawakened. If someone has a problem, if the odds are stacked against them, if they have nowhere else to turn, McCall will help. He is The Equalizer.",7.282
The Flash,"Adventure, Action, Science Fiction","Ezra Miller, Sasha Calle, Michael Keaton",Andy Muschietti,"When his attempt to save his family inadvertently alters the future, Barry Allen becomes trapped in a reality in which General Zod has returned and there are no Super Heroes to turn to. In order to save the world that he is in and return to the future that he knows, Barry's only hope is to race for his life. But will making the ultimate sacrifice be enough to reset the universe?",6.677
Civil War,"War, Action, Drama","Kirsten Dunst, Wagner Moura, Cailee Spaeny",Alex Garland,"In the near future, a group of war journalists attempt to survive while reporting the truth as the United States stands on the brink of civil war.",6.9
Titanic,"Drama, Romance","Leonardo DiCaprio, Kate Winslet, Billy Zane",James Cameron,"101-year-old Rose DeWitt Bukater tells the story of her life aboard the Titanic, 84 years later. A young Rose boards the ship with her mother and fiancé. Meanwhile, Jack Dawson and Fabrizio De Rossi win third-class tickets aboard the ship. Rose tells the whole story from Titanic's departure through to its death—on its first and last voyage—on April 15, 1912.",7.907
The Shawshank Redemption,"Drama, Crime","Tim Robbins, Morgan Freeman, Bob Gunton",Frank Darabont,"Imprisoned in the 1940s for the double murder of his wife and her lover, upstanding banker Andy Dufresne begins a new life at the Shawshank prison, where he puts his accounting skills to work for an amoral warden. During his long stretch in prison, Dufresne comes to be admired by the other inmates -- including an older prisoner named Red -- for his integrity and unquenchable sense of hope.",8.709
House of Darkness,"Horror, Thriller, Comedy, Mystery","Justin Long, Kate Bosworth, Gia Crovatin",Neil LaBute,"Driving home to her secluded estate after meeting at a local bar, a player out to score thinks his beautiful, mysterious date will be another casual hook-up. While getting acquainted, their flirtation turns playful, sexy and sinister. Hoping to get lucky, his luck may have just run out.",5.0
2073,"Thriller, Documentary, Science Fiction","Samantha Morton, Naomi Ackie, Hector Hewer",Asif Kapadia,"Inspired by Chris Marker's iconic 1962 featurette La Jetée; the year is 2073—a not-so-distant dystopian future—and the setting is New San Francisco, the scorched-earth tech-dominant police state where democracy and personal freedom have been well and truly obliterated.",7.1
Canary Black,"Action, Thriller, Crime","Kate Beckinsale, Rupert Friend, Saffron Burrows",Pierre Morel,"Top level CIA agent Avery Graves is blackmailed by terrorists into betraying her own country to save her kidnapped husband. Cut off from her team, she turns to her underworld contacts to survive and help locate the coveted intelligence that the kidnappers want.",6.311
Oddity,"Horror, Mystery","Carolyn Bracken, Jonathan French, Steve Wall",Damian Mc Carthy,"After the brutal murder of her twin sister, Darcy goes after those responsible by using haunted items as her tools for revenge.",6.807
John Wick: Chapter 4,"Action, Thriller, Crime","Keanu Reeves, Donnie Yen, Bill Skarsgård",Chad Stahelski,"With the price on his head ever increasing, John Wick uncovers a path to defeating The High Table. But before he can earn his freedom, Wick must face off against a new enemy with powerful alliances across the globe and forces that turn old friends into foes.",7.722
Sikandar Ka Muqaddar,"Thriller, Crime, Mystery, Action","Jimmy Shergill, Avinash Tiwary, Tamannaah Bhatia",Neeraj Pandey,"After an unsolved diamond heist, a hard-nosed cop’s pursuit of his key suspect turns into obsession, until they finally face each other — and the truth.",5.469
Wrath of Man,"Crime, Action, Thriller","Jason Statham, Holt McCallany, Josh Hartnett",Guy Ritchie,"A cold and mysterious new security guard for a Los Angeles cash truck company surprises his co-workers when he unleashes precision skills during a heist. The crew is left wondering who he is and where he came from. Soon, the marksman's ultimate motive becomes clear as he takes dramatic and irrevocable steps to settle a score.",7.63
Dominique,"Action, Thriller","Oksana Orlan, Sebastián Carvajal, María del Rosario",Michael S. Ojeda,"Dominique, a well-trained assassin, flees from her troubled past in an attempt to begin a new life in South America. However, she soon finds herself in a town plagued with violence and corruption. Facing brutal attacks from the police and mafia, Dominique must decide whether to protect herself or an innocent family that has taken her in.",7.4
Back in Action,"Action, Comedy","Cameron Diaz, Jamie Foxx, McKenna Roberts",Seth Gordon,"Years after giving up life as CIA spies to start a family, Emily and Matt are pulled back into the world of espionage when their cover is blown.",6.5
Project Silence,"Thriller, Action, Horror, Science Fiction","Lee Sun-kyun, Ju Ji-hoon, Kim Hee-won",Kim Tae-gon,"Due to sudden deteriorating weather conditions, visibility on the Airport Bridge is severely impaired, leaving people stranded and at risk of the bridge collapsing due to a series of chain collisions and explosions. Amidst the chaos, the canine subjects ""Echo"" from the military experiment ""Project Silence,"" who were being transported in secret, break free, and all human survivors become targets of relentless attacks.",7.07
Spider-Man,"Action, Science Fiction","Tobey Maguire, Willem Dafoe, Kirsten Dunst",Sam Raimi,"After being bitten by a genetically altered spider at Oscorp, nerdy but endearing high school student Peter Parker is endowed with amazing powers to become the superhero known as Spider-Man.",7.3
After,"Romance, Drama","Josephine Langford, Hero Fiennes Tiffin, Shane Paul McGhie",Jenny Gage,"Tessa Young is a dedicated student, dutiful daughter and loyal girlfriend to her high school sweetheart. Entering her first semester of college, Tessa's guarded world opens up when she meets Hardin Scott, a mysterious and brooding rebel who makes her question all she thought she knew about herself -- and what she wants out of life.",7.122
Animal Adventures: Save The Forest,Animation,"Terrance Stewart, Monica Klein, Christopher Walker",Daniel H. Torrado,"""Animal Adventures: Save The Forest"" portrays Softie and her friends as they fight to save their home from a garbage invasion by an automated factory. This 3D animated film highlights adventure, friendship, and environmental protection.",8.6
Devara: Part 1,"Action, Drama","N.T. Rama Rao Jr., Saif Ali Khan, Prakash Raj",Koratala Siva,"Devara, a fearless man from a coastal region, embarks on a perilous journey into the treacherous world of the sea to safeguard the lives of his people. Unbeknownst to him, his brother Bhaira is plotting a conspiracy against him. As events unfold, Devara passes on his legacy to his mild-mannered and timid son, Varada.",7.1
My Hero Academia: You're Next,"Animation, Action, Adventure, Science Fiction","Daiki Yamashita, Nobuhiko Okamoto, Yuki Kaji",Tensai Okamura,"In a society devastated by the effects of an all-out war between heroes and villains, a mysterious giant fortress suddenly appears, engulfing towns and people one after another. Then, a man reminiscent of All Might, the 'symbol of peace', stands in front of Izuku and his friends...",6.7
Sing: Thriller,"Animation, Family, Comedy","Matthew McConaughey, Tori Kelly, Nick Kroll",Garth Jennings,"Buster Moon dreams up a star-studded spectacle set to Michael Jackson's ""Thriller"" in this animated short featuring characters from the hit ""Sing"" films.",7.2
Shrek,"Animation, Comedy, Fantasy, Adventure, Family","Mike Myers, Eddie Murphy, Cameron Diaz","Andrew Adamson, Vicky Jenson","It ain't easy bein' green -- especially if you're a likable (albeit smelly) ogre named Shrek. On a mission to retrieve a gorgeous princess from the clutches of a fire-breathing dragon, Shrek teams up with an unlikely compatriot -- a wisecracking donkey.",7.744
Longlegs,"Crime, Horror, Thriller","Maika Monroe, Nicolas Cage, Blair Underwood",Osgood Perkins,"FBI Agent Lee Harker is a gifted new recruit assigned to the unsolved case of an elusive serial killer. As the case takes complex turns, unearthing evidence of the occult, Harker discovers a personal connection to the merciless killer and must race against time to stop him before he claims the lives of another innocent family.",6.6
SpongeBob Squarepants: Kreepaway Kamp,"TV Movie, Family, Comedy, Horror, Animation","Tom Kenny, Bill Fagerbakke, Rodger Bumpass","Ian Vasquez, Dave Cunningham, Fred Osmond, Kurt Snyder, Sherm Cohen","While at Kamp Koral for a reunion, SpongeBob and the gang are stalked by a mysterious figure lurking in the shadows as campers start disappearing one by one!",7.1
Aftermath,"Action, Thriller","Dylan Sprouse, Mason Gooding, Dichen Lachman",Patrick Lussier,"A returning war veteran, stricken with PTSD, gets trapped with his teenage sister on Boston's Tobin Memorial Bridge when a heavily armed group of ex-military revolutionaries take everyone hostage.",6.3
The Lion King,"Family, Animation, Drama","Matthew Broderick, Moira Kelly, Nathan Lane","Roger Allers, Rob Minkoff","Young lion prince Simba, eager to one day become king of the Pride Lands, grows up under the watchful eye of his father Mufasa; all the while his villainous uncle Scar conspires to take the throne for himself. Amid betrayal and tragedy, Simba must confront his past and find his rightful place in the Circle of Life.",8.256
The Return,"History, Drama, Adventure","Ralph Fiennes, Juliette Binoche, Charlie Plummer",Uberto Pasolini,"After twenty years away, Odysseus washes up on the shores of Ithaca, haggard and unrecognizable. The king has finally returned home, but much has changed in his kingdom since he left to fight in the Trojan war.",7.0
Through My Window 3: Looking at You,"Romance, Drama, Comedy","Clara Galle, Julio Peña, Natalia Azahara",Marçal Forés,"After the events of the summer, Ares and Raquel they don't see a way forward in their relationship and decide to go separate ways. But when they meet again in the winter in Barcelona, the love and desire they feel for each other is undeniable. Will they be able to find a way to get back together?",6.938
Take Cover,"Action, Thriller","Scott Adkins, Alice Eve, Jack Parr",Nick McKinless,A burned-out professional sniper finds himself trapped in an all-glass penthouse by a lethal competitor and must find a way to survive and escape with little to no cover between him and the killer.,7.0
Elyas,"Action, Thriller","Roschdy Zem, Laëtitia Eïdo, Nabil Elouahabi",Florent-Emilio Siri,"Elyas, a former Special Forces soldier who has become paranoid since a mission in Afghanistan, is recruited to ensure the safety of Amina and her daughter Nour, 13 years old, both of whom came from the Middle East for the holidays. As he takes office, Elyas senses something is up.",6.241
The Avengers,"Science Fiction, Action, Adventure","Robert Downey Jr., Chris Evans, Mark Ruffalo",Joss Whedon,"When an unexpected enemy emerges and threatens global safety and security, Nick Fury, director of the international peacekeeping agency known as S.H.I.E.L.D., finds himself in need of a team to pull the world back from the brink of disaster. Spanning the globe, a daring recruitment effort begins!",7.726
The Six Triple Eight,"Drama, War, History","Kerry Washington, Sam Waterston, Susan Sarandon",Tyler Perry,"During World War II, the US Army's only all-Black, all-women battalion takes on an impossible mission: sorting through a three-year backlog of 17 million pieces of mail that hadn't been delivered to American soldiers and finish within six months.",7.748
A Quiet Place: Day One,"Horror, Science Fiction, Thriller","Lupita Nyong'o, Joseph Quinn, Alex Wolff",Michael Sarnoski,"As New York City is invaded by alien creatures who hunt by sound, a woman named Sam fights to survive with her cat.",6.772
Meatballs,Comedy,"Bill Murray, Harvey Atkin, Russ Banham",Ivan Reitman,"Tripper is the head counselor at a budget summer camp called Camp Northstar. In truth, he's young at heart and only marginally more mature than the campers themselves. Tripper befriends Rudy, a loner camper who has trouble fitting in. As Tripper inspires his young charges to defeat rival Camp Mohawk in the annual Olympiad competition, Rudy plays matchmaker between Tripper and Roxanne, a female counselor at Northstar.",5.825
The Super Mario Bros. Movie,"Animation, Family, Adventure, Fantasy, Comedy","Chris Pratt, Anya Taylor-Joy, Charlie Day","Aaron Horvath, Michael Jelenic","While working underground to fix a water main, Brooklyn plumbers—and brothers—Mario and Luigi are transported down a mysterious pipe and wander into a magical new world. But when the brothers are separated, Mario embarks on an epic quest to find Luigi.",7.6
Through My Window,"Romance, Drama, Comedy","Clara Galle, Julio Peña, Guillermo Lasheras",Marçal Forés,"Raquel's longtime crush on her next-door neighbor turns into something more when he starts developing feelings for her, despite his family's objections.",7.383
Strange Darling,"Crime, Horror, Thriller","Willa Fitzgerald, Kyle Gallner, Madisen Beaty",JT Mollner,Nothing is what it seems when a twisted one-night stand spirals into a serial killer’s vicious murder spree.,6.9
Transformers: Rise of the Beasts,"Science Fiction, Adventure, Action","Anthony Ramos, Dominique Fishback, Peter Cullen",Steven Caple Jr.,"When a new threat capable of destroying the entire planet emerges, Optimus Prime and the Autobots must team up with a powerful faction known as the Maximals. With the fate of humanity hanging in the balance, humans Noah and Elena will do whatever it takes to help the Transformers as they engage in the ultimate battle to save Earth.",7.266
The Next 365 Days,"Romance, Drama","Anna-Maria Sieklucka, Michele Morrone, Simone Susinna","Barbara Białowąs, Tomasz Mandes",Laura and Massimo's relationship hangs in the balance as they try to overcome trust issues while a tenacious Nacho works to push them apart.,6.39
Below Her Mouth,"Drama, Romance","Erika Linder, Natalie Krill, Sebastian Pigott",April Mullen,An unexpected affair quickly escalates into a heart-stopping reality for two women whose passionate connection changes their lives forever.,6.812
Frozen,"Animation, Family, Adventure, Fantasy","Kristen Bell, Idina Menzel, Jonathan Groff","Chris Buck, Jennifer Lee","Young princess Anna of Arendelle dreams about finding true love at her sister Elsa’s coronation. Fate takes her on a dangerous journey in an attempt to end the eternal winter that has fallen over the kingdom. She's accompanied by ice delivery man Kristoff, his reindeer Sven, and snowman Olaf. On an adventure where she will find out what friendship, courage, family, and true love really means.",7.2
The Matrix,"Action, Science Fiction","Keanu Reeves, Laurence Fishburne, Carrie-Anne Moss","Lana Wachowski, Lilly Wachowski","Set in the 22nd century, The Matrix tells the story of a computer hacker who joins a group of underground insurgents fighting the vast and powerful computers who now rule the earth.",8.2
Distant,"Science Fiction, Comedy, Action","Anthony Ramos, Naomi Scott, Kristofer Hivju","Josh Gordon, Will Speck","After crash-landing on an alien planet, an asteroid miner must contend with the challenges of his new surroundings, while making his way across the harsh terrain to the only other survivor – a woman who is trapped in her escape pod.",5.9
The Lord of the Rings: The Fellowship of the Ring,"Adventure, Fantasy, Action","Elijah Wood, Ian McKellen, Viggo Mortensen",Peter Jackson,"Young hobbit Frodo Baggins, after inheriting a mysterious ring from his uncle Bilbo, must leave his home in order to keep it from falling into the hands of its evil creator. Along the way, a fellowship is formed to protect the ringbearer and make sure that the ring arrives at its final destination: Mt. Doom, the only place where it can be destroyed.",8.418
Dragonkeeper,"Action, Adventure, Animation, Family, Fantasy","Lucía Pérez, Mario Gas, Fernando Castro","Jian-Ping Li, Salvador Simó","Set in Han Imperial China, the plot follows the adventures of enslaved girl Ping with ancient dragon Long Danzi. Dragons had been banished from the kingdom. Ping, an orphan, finds one of the last remaining dragon eggs. Palace guards force Ping to run away in order to return the dragon egg to the ocean and save all dragons from extinction. Ping discovers that she is a true Dragonkeeper.",7.63
Queer,"Drama, Romance","Daniel Craig, Drew Starkey, Jason Schwartzman",Luca Guadagnino,"In 1950s Mexico City, William Lee, an American expat in his late forties, leads a solitary life amidst a small American community. However, the arrival in town of Eugene Allerton, a young student, stirs William into finally establishing a meaningful connection with someone.",7.361
Classified,"Action, Thriller","Aaron Eckhart, Tim Roth, Abigail Breslin",Roel Reiné,"Operating alone in the field for more than 20 years, a CIA hitman uses the ""Help Wanted"" section of the newspapers to get his orders from the Agency. His long-lost daughter, now a UK MI6 analyst, tracks him down to deliver shocking news: his CIA boss has been dead for years and the division long since shut down. Together, they set out to discover whose orders he's been executing.",5.8
The Maze Runner,"Action, Mystery, Science Fiction, Thriller","Dylan O'Brien, Kaya Scodelario, Aml Ameen",Wes Ball,"Set in a post-apocalyptic world, young Thomas is deposited in a community of boys after his memory is erased, soon learning they're all trapped in a maze that will require him to join forces with fellow “runners” for a shot at escape.",7.2
The Lord of the Rings: The Return of the King,"Adventure, Fantasy, Action","Elijah Wood, Ian McKellen, Viggo Mortensen",Peter Jackson,"As armies mass for a final battle that will decide the fate of the world--and powerful, ancient forces of Light and Dark compete to determine the outcome--one member of the Fellowship of the Ring is revealed as the noble heir to the throne of the Kings of Men. Yet, the sole hope for triumph over evil lies with a brave hobbit, Frodo, who, accompanied by his loyal friend Sam and the hideous, wretched Gollum, ventures deep into the very dark heart of Mordor on his seemingly impossible quest to destroy the Ring of Power.​",8.483
Spider-Man: Across the Spider-Verse,"Animation, Action, Adventure, Science Fiction","Shameik Moore, Hailee Steinfeld, Brian Tyree Henry","Kemp Powers, Justin K. Thompson, Joaquim Dos Santos","After reuniting with Gwen Stacy, Brooklyn’s full-time, friendly neighborhood Spider-Man is catapulted across the Multiverse, where he encounters the Spider Society, a team of Spider-People charged with protecting the Multiverse’s very existence. But when the heroes clash on how to handle a new threat, Miles finds himself pitted against the other Spiders and must set out on his own to save those he loves most.",8.354
Twisters,"Thriller, Action","Daisy Edgar-Jones, Glen Powell, Anthony Ramos",Lee Isaac Chung,"As storm season intensifies, the paths of former storm chaser Kate Carter and reckless social-media superstar Tyler Owens collide when terrifying phenomena never seen before are unleashed. The pair and their competing teams find themselves squarely in the paths of multiple storm systems converging over central Oklahoma in the fight of their lives.",6.893
Gabriel Iglesias: Legend of Fluffy,Comedy,Gabriel Iglesias,Manny Rodriguez,"From breaking stereotypes to home break-ins, Gabriel Iglesias brings comedy to life's unexpected twists in this stand-up special.",3.2
Borderlands,"Action, Science Fiction, Comedy","Cate Blanchett, Kevin Hart, Edgar Ramírez",Eli Roth,"Returning to her home planet, an infamous bounty hunter forms an unexpected alliance with a team of unlikely heroes. Together, they battle monsters and dangerous bandits to protect a young girl who holds the key to unimaginable power.",5.7
Prey,"Action, Thriller, Horror","Ryan Phillippe, Emile Hirsch, Mena Suvari",Mukunda Michael Dewil,A young couple is compelled to leave their Christian missionary station in the Kalahari Desert after being threatened with death by an extremist militant gang. After crashing their aircraft they must battle man and beast for their lives.,6.2
The Batman,"Crime, Mystery, Thriller","Robert Pattinson, Zoë Kravitz, Jeffrey Wright",Matt Reeves,"In his second year of fighting crime, Batman uncovers corruption in Gotham City that connects to his own family while facing a serial killer known as the Riddler.",7.661
Harry Potter and the Deathly Hallows: Part 1,"Adventure, Fantasy","Daniel Radcliffe, Emma Watson, Rupert Grint",David Yates,"Harry, Ron and Hermione walk away from their last year at Hogwarts to find and destroy the remaining Horcruxes, putting an end to Voldemort's bid for immortality. But with Harry's beloved Dumbledore dead and Voldemort's unscrupulous Death Eaters on the loose, the world is more dangerous than ever.",7.7
The Dark Knight,"Drama, Action, Crime, Thriller","Christian Bale, Heath Ledger, Aaron Eckhart",Christopher Nolan,"Batman raises the stakes in his war on crime. With the help of Lt. Jim Gordon and District Attorney Harvey Dent, Batman sets out to dismantle the remaining criminal organizations that plague the streets. The partnership proves to be effective, but they soon find themselves prey to a reign of chaos unleashed by a rising criminal mastermind known to the terrified citizens of Gotham as the Joker.",8.518
Avatar: The Way of Water,"Science Fiction, Adventure, Action","Sam Worthington, Zoe Saldaña, Sigourney Weaver",James Cameron,"Set more than a decade after the events of the first film, learn the story of the Sully family (Jake, Neytiri, and their kids), the trouble that follows them, the lengths they go to keep each other safe, the battles they fight to stay alive, and the tragedies they endure.",7.614
The Wolf of Wall Street,"Crime, Drama, Comedy","Leonardo DiCaprio, Jonah Hill, Margot Robbie",Martin Scorsese,"A New York stockbroker refuses to cooperate in a large securities fraud case involving corruption on Wall Street, corporate banking world and mob infiltration. Based on Jordan Belfort's autobiography.",8.032
Elemental,"Animation, Comedy, Family, Fantasy, Romance","Leah Lewis, Mamoudou Athie, Ronnie del Carmen",Peter Sohn,"In a city where fire, water, land and air residents live together, a fiery young woman and a go-with-the-flow guy will discover something elemental: how much they have in common.",7.623
Transmorphers: Mech Beasts,"Action, Science Fiction","Tom Arnold, Tania Fox, Jolene Anderson",Michael Su,"20 years after the events of Transmorphers, a newer, more advanced species of alien robot descends on a rebuilt Earth, threatening once again to destroy the planet.",5.4
Inception,"Action, Science Fiction, Adventure","Leonardo DiCaprio, Joseph Gordon-Levitt, Ken Watanabe",Christopher Nolan,"Cobb, a skilled thief who commits corporate espionage by infiltrating the subconscious of his targets is offered a chance to regain his old life as payment for a task considered to be impossible: ""inception"", the implantation of another person's idea into a target's subconscious.",8.37
